timestamp,delta,lowAlpha,highAlpha,lowBeta,highBeta,lowGamma,middleGamma,theta,isValid,pid,new_timestamp,trans_time,new_trans_time,seconds,arousal,valence,happy,angry,nervous,sad
1548206906301,44597,11504,14991,31861,13000,11812,1383457,75427,1,6,1548206905327.0,0.974,658.652,5.0,3.0,2.667,1.333,1.0,1.667,1.0
1548206907299,14614,5353,11771,12985,8372,23573,269092,118342,1,6,1548206906301.0,0.998,659.65,5.0,3.0,2.667,1.333,1.0,1.667,1.0
1548206908298,18375,12897,18367,37227,7546,16813,764998,10600,1,6,1548206907299.0,0.999,660.649,5.0,3.0,2.667,1.333,1.0,1.667,1.0
1548206909277,12764,18843,7878,7226,4292,5215,109472,38900,1,6,1548206908298.0,0.979,661.628,5.0,3.0,2.667,1.333,1.0,1.667,1.0
1548206910281,31820,7948,59395,36628,34395,30741,1728757,350483,1,6,1548206909277.0,1.004,662.632,5.0,3.0,2.667,1.333,1.0,1.667,1.0
1548206911286,1642,2649,7678,7331,7564,9141,156735,60593,1,6,1548206910281.0,1.005,663.637,5.0,3.0,2.667,1.333,1.0,1.667,1.0
1548206912276,5458,6032,3607,4129,2510,3386,103491,28435,1,6,1548206911286.0,0.99,664.627,10.0,3.333,2.667,1.333,1.0,1.333,1.0
1548206913266,58424,492509,36932,110639,32418,43886,1807451,176870,1,6,1548206912276.0,0.99,665.617,10.0,3.333,2.667,1.333,1.0,1.333,1.0
1548206914282,1253,1365,805,826,1249,1717,89113,6372,1,6,1548206913266.0,1.016,666.633,10.0,3.333,2.667,1.333,1.0,1.333,1.0
1548206915257,25752,7251,11799,9714,16914,18776,174086,177375,1,6,1548206914282.0,0.975,667.608,10.0,3.333,2.667,1.333,1.0,1.333,1.0
1548206916252,9747,21125,21360,20107,9451,15238,36749,102535,1,6,1548206915257.0,0.995,668.603,10.0,3.333,2.667,1.333,1.0,1.333,1.0
1548206917254,7346,7992,15916,8467,8650,13295,41302,58310,1,6,1548206916252.0,1.002,669.605,10.0,3.333,2.667,1.333,1.0,1.333,1.0
1548206918252,17249,22807,20051,12918,6167,12590,87819,63738,1,6,1548206917254.0,0.998,670.603,15.0,3.333,2.667,1.333,1.0,1.333,1.0
1548206919241,1597,4001,6077,8205,2555,2520,127880,17598,1,6,1548206918252.0,0.989,671.592,15.0,3.333,2.667,1.333,1.0,1.333,1.0
1548206920255,5884,7210,3751,4882,1829,4032,94759,5611,1,6,1548206919241.0,1.014,672.606,15.0,3.333,2.667,1.333,1.0,1.333,1.0
1548206921223,8514,17370,14493,5839,23483,25562,68564,33177,1,6,1548206920255.0,0.968,673.574,15.0,3.333,2.667,1.333,1.0,1.333,1.0
1548206922246,7592,5265,3936,2250,1800,2608,194859,42592,1,6,1548206921223.0,1.023,674.597,15.0,3.333,2.667,1.333,1.0,1.333,1.0
1548206923205,32988,11002,24116,8214,29619,14664,1034210,42897,1,6,1548206922246.0,0.959,675.556,15.0,3.333,2.667,1.333,1.0,1.333,1.0
1548206924218,31987,13530,23610,28993,23239,9730,2205490,255694,1,6,1548206923205.0,1.013,676.569,20.0,3.333,2.667,1.333,1.0,1.333,1.0
1548206925216,7534,7968,3593,3615,911,1451,115298,18286,1,6,1548206924218.0,0.998,677.567,20.0,3.333,2.667,1.333,1.0,1.333,1.0
1548206926191,16477,52612,27574,22814,6131,18849,284688,181791,1,6,1548206925216.0,0.975,678.542,20.0,3.333,2.667,1.333,1.0,1.333,1.0
1548206927209,16866,25010,10204,6001,9956,3936,55770,59610,1,6,1548206926191.0,1.018,679.56,20.0,3.333,2.667,1.333,1.0,1.333,1.0
1548206928209,2353,1708,1693,4052,2360,4854,98944,14626,1,6,1548206927209.0,1.0,680.56,20.0,3.333,2.667,1.333,1.0,1.333,1.0
1548206929184,13955,6578,27608,14498,10908,8166,2751971,109360,1,6,1548206928209.0,0.975,681.535,20.0,3.333,2.667,1.333,1.0,1.333,1.0
1548206930184,3886,11029,12915,16559,8160,13903,252349,35772,1,6,1548206929184.0,1.0,682.535,25.0,2.667,2.667,1.333,1.0,1.333,1.0
1548206931184,11878,4648,4443,2936,4517,5643,69065,41722,1,6,1548206930184.0,1.0,683.535,25.0,2.667,2.667,1.333,1.0,1.333,1.0
1548206932162,5758,36992,28503,29674,15340,10619,101368,362916,1,6,1548206931184.0,0.978,684.513,25.0,2.667,2.667,1.333,1.0,1.333,1.0
1548206933176,33969,41554,3573,15774,8388,6552,260281,133280,1,6,1548206932162.0,1.014,685.527,25.0,2.667,2.667,1.333,1.0,1.333,1.0
1548206934184,4092,6102,3582,1618,989,4620,90134,31017,1,6,1548206933176.0,1.008,686.535,25.0,2.667,2.667,1.333,1.0,1.333,1.0
1548206935151,13960,31730,3150,4660,1947,4733,55357,30063,1,6,1548206934184.0,0.967,687.502,25.0,2.667,2.667,1.333,1.0,1.333,1.0
1548206936150,27468,6723,16628,13571,14245,5823,121323,50862,1,6,1548206935151.0,0.999,688.501,30.0,2.667,2.667,1.333,1.0,1.333,1.0
1548206937166,9510,10600,12251,33696,10161,21662,229183,102041,1,6,1548206936150.0,1.016,689.517,30.0,2.667,2.667,1.333,1.0,1.333,1.0
1548206938135,6834,24372,6215,11873,8329,2236,150923,15667,1,6,1548206937166.0,0.969,690.486,30.0,2.667,2.667,1.333,1.0,1.333,1.0
1548206939150,31817,56085,11918,19825,5841,12700,154655,52996,1,6,1548206938135.0,1.015,691.501,30.0,2.667,2.667,1.333,1.0,1.333,1.0
1548206940137,2009,3007,1025,4308,911,1536,52734,15730,1,6,1548206939150.0,0.987,692.488,30.0,2.667,2.667,1.333,1.0,1.333,1.0
1548206941165,3490,1404,4175,3148,3200,3425,14162,17516,1,6,1548206940137.0,1.028,693.516,30.0,2.667,2.667,1.333,1.0,1.333,1.0
1548206942268,13652,28848,7919,5332,14959,9591,133578,88595,1,6,1548206941165.0,1.103,694.619,35.0,3.0,2.667,1.333,1.0,1.333,1.0
1548206943104,15110,16031,16767,34470,6253,10188,44394,45157,1,6,1548206942268.0,0.836,695.455,35.0,3.0,2.667,1.333,1.0,1.333,1.0
1548206944104,32908,2758,10183,14660,6939,16293,40311,36842,1,6,1548206943104.0,1.0,696.455,35.0,3.0,2.667,1.333,1.0,1.333,1.0
1548206945103,7526,15748,7824,4347,3117,2404,63194,77243,1,6,1548206944104.0,0.999,697.454,35.0,3.0,2.667,1.333,1.0,1.333,1.0
1548206946090,6605,11752,22209,21736,3403,5184,396511,44657,1,6,1548206945103.0,0.987,698.441,35.0,3.0,2.667,1.333,1.0,1.333,1.0
1548206947092,9128,2206,2046,9422,3403,2542,85776,9625,1,6,1548206946090.0,1.002,699.443,35.0,3.0,2.667,1.333,1.0,1.333,1.0
1548206948090,90354,244377,99149,137764,63960,63033,32567,582236,1,6,1548206947092.0,0.998,700.441,40.0,3.0,3.0,1.333,1.0,1.333,1.0
1548206949095,49097,9295,7562,16163,8467,15484,2239103,73685,1,6,1548206948090.0,1.005,701.446,40.0,3.0,3.0,1.333,1.0,1.333,1.0
1548206950078,2139,3555,4464,8960,2350,1063,250607,74897,1,6,1548206949095.0,0.983,702.429,40.0,3.0,3.0,1.333,1.0,1.333,1.0
1548206951094,31840,32072,21896,6064,13091,8143,1012894,96958,1,6,1548206950078.0,1.016,703.445,40.0,3.0,3.0,1.333,1.0,1.333,1.0
1548206952066,23187,10946,16007,10476,7039,5682,425069,34382,1,6,1548206951094.0,0.972,704.417,40.0,3.0,3.0,1.333,1.0,1.333,1.0
1548206953085,9157,112785,30819,44652,12920,19479,553254,344875,1,6,1548206952066.0,1.019,705.436,40.0,3.0,3.0,1.333,1.0,1.333,1.0
1548206954080,2683,1409,4052,15649,4082,1926,174855,80836,1,6,1548206953085.0,0.995,706.431,45.0,3.0,3.0,1.333,1.0,1.333,1.0
1548206955048,1768,3126,1768,642,685,913,100973,1146,1,6,1548206954080.0,0.968,707.399,45.0,3.0,3.0,1.333,1.0,1.333,1.0
1548206956046,7155,5688,1628,2502,1086,1884,350872,38151,1,6,1548206955048.0,0.998,708.397,45.0,3.0,3.0,1.333,1.0,1.333,1.0
1548206957068,11116,18828,20154,17894,25165,12770,727380,115607,1,6,1548206956046.0,1.022,709.419,45.0,3.0,3.0,1.333,1.0,1.333,1.0
1548206958048,18464,43205,15124,7712,11618,8587,412196,171592,1,6,1548206957068.0,0.98,710.399,45.0,3.0,3.0,1.333,1.0,1.333,1.0
1548206959034,35394,5591,25182,7029,26704,32469,1499398,158812,1,6,1548206958048.0,0.986,711.385,45.0,3.0,3.0,1.333,1.0,1.333,1.0
1548206960057,9182,11931,10253,9577,2604,3823,204909,42212,1,6,1548206959034.0,1.023,712.408,50.0,3.0,3.0,1.333,1.0,1.333,1.0
1548206961031,13720,4019,15420,22076,15868,15722,504014,20087,1,6,1548206960057.0,0.974,713.382,50.0,3.0,3.0,1.333,1.0,1.333,1.0
1548206962038,14659,13436,11459,11907,9503,8876,74283,42884,1,6,1548206961031.0,1.007,714.389,50.0,3.0,3.0,1.333,1.0,1.333,1.0
1548206963009,16415,5356,18392,21244,9407,9912,12255,37177,1,6,1548206962038.0,0.971,715.36,50.0,3.0,3.0,1.333,1.0,1.333,1.0
1548206964006,13310,8512,8286,7640,3432,5464,64328,42825,1,6,1548206963009.0,0.997,716.357,50.0,3.0,3.0,1.333,1.0,1.333,1.0
1548206965005,15298,10053,1095,2127,1090,3346,301284,19415,1,6,1548206964006.0,0.999,717.356,50.0,3.0,3.0,1.333,1.0,1.333,1.0
1548206966001,11059,2834,4700,6954,2898,4407,34709,9906,1,6,1548206965005.0,0.996,718.352,55.0,3.0,3.0,1.333,1.0,1.333,1.0
1548206966990,15899,29808,13397,8260,7470,21757,516526,64166,1,6,1548206966001.0,0.989,719.341,55.0,3.0,3.0,1.333,1.0,1.333,1.0
1548206967991,3217,32054,5369,9136,1147,1567,163112,76300,1,6,1548206966990.0,1.001,720.342,55.0,3.0,3.0,1.333,1.0,1.333,1.0
1548206968990,5373,158113,17509,37752,12177,13723,539128,268254,1,6,1548206967991.0,0.999,721.341,55.0,3.0,3.0,1.333,1.0,1.333,1.0
1548206969975,11257,57439,8630,7848,3875,12418,1719406,42646,1,6,1548206968990.0,0.985,722.326,55.0,3.0,3.0,1.333,1.0,1.333,1.0
1548206970978,13273,67870,6488,12995,6441,10850,575804,186662,1,6,1548206969975.0,1.003,723.329,55.0,3.0,3.0,1.333,1.0,1.333,1.0
1548206971960,7436,9807,7461,11715,1830,3706,502995,24809,1,6,1548206970978.0,0.982,724.311,60.0,3.0,3.0,1.333,1.0,1.333,1.0
1548206972978,40897,10369,16103,50677,16492,33767,116418,78449,1,6,1548206971960.0,1.018,725.329,60.0,3.0,3.0,1.333,1.0,1.333,1.0
1548206973962,77069,100035,24493,30080,11541,15571,400505,185290,1,6,1548206972978.0,0.984,726.313,60.0,3.0,3.0,1.333,1.0,1.333,1.0
1548206974962,3359,15133,4922,4384,2901,2729,153003,230222,1,6,1548206973962.0,1.0,727.313,60.0,3.0,3.0,1.333,1.0,1.333,1.0
1548206975947,14280,23819,24154,16080,10048,19747,250159,57423,1,6,1548206974962.0,0.985,728.298,60.0,3.0,3.0,1.333,1.0,1.333,1.0
1548206976953,16097,134757,26728,22382,31112,31331,922993,187770,1,6,1548206975947.0,1.006,729.304,60.0,3.0,3.0,1.333,1.0,1.333,1.0
1548206977948,23620,60280,37357,18333,19637,24842,2219520,237967,1,6,1548206976953.0,0.995,730.299,65.0,2.667,3.0,1.333,1.0,1.333,1.0
1548206978952,12384,7512,14700,51266,5800,12953,18643,84566,1,6,1548206977948.0,1.004,731.303,65.0,2.667,3.0,1.333,1.0,1.333,1.0
1548206979937,50448,147566,80549,158827,16232,40551,2759351,311730,1,6,1548206978952.0,0.985,732.288,65.0,2.667,3.0,1.333,1.0,1.333,1.0
1548206980917,8498,17756,2280,15228,1666,3319,348322,19031,1,6,1548206979937.0,0.98,733.268,65.0,2.667,3.0,1.333,1.0,1.333,1.0
1548206981934,14046,76019,10214,11410,8702,21204,112079,355660,1,6,1548206980917.0,1.017,734.285,65.0,2.667,3.0,1.333,1.0,1.333,1.0
1548206982902,9674,14114,10951,9084,2594,7970,1294079,23985,1,6,1548206981934.0,0.968,735.253,65.0,2.667,3.0,1.333,1.0,1.333,1.0
1548206983916,5213,5051,4022,767,7041,6820,88868,55252,1,6,1548206982902.0,1.014,736.267,70.0,3.0,2.667,1.333,1.0,1.333,1.0
1548206984924,11737,5463,5241,3395,1793,2150,216144,21388,1,6,1548206983916.0,1.008,737.275,70.0,3.0,2.667,1.333,1.0,1.333,1.0
1548206985886,40804,6623,31932,43196,7445,9101,573599,238518,1,6,1548206984924.0,0.962,738.237,70.0,3.0,2.667,1.333,1.0,1.333,1.0
1548206986887,13672,19544,22255,9979,17865,8799,74983,97628,1,6,1548206985886.0,1.001,739.238,70.0,3.0,2.667,1.333,1.0,1.333,1.0
1548206987946,37726,127234,11496,37301,18096,34007,739577,573691,1,6,1548206986887.0,1.059,740.297,70.0,3.0,2.667,1.333,1.0,1.333,1.0
1548206988880,22168,35461,18743,20430,24463,7784,587559,223435,1,6,1548206987946.0,0.934,741.231,70.0,3.0,2.667,1.333,1.0,1.333,1.0
1548206989874,42560,72743,17319,16979,8350,23608,946225,180654,1,6,1548206988880.0,0.994,742.225,75.0,3.0,2.667,1.333,1.0,1.333,1.0
1548206990880,15655,70578,15656,30978,12771,25816,987573,135034,1,6,1548206989874.0,1.006,743.231,75.0,3.0,2.667,1.333,1.0,1.333,1.0
1548206991882,9098,15964,13770,7645,8001,10811,372535,315475,1,6,1548206990880.0,1.002,744.233,75.0,3.0,2.667,1.333,1.0,1.333,1.0
1548206992872,61314,181089,12906,30292,16588,4414,1035185,221236,1,6,1548206991882.0,0.99,745.223,75.0,3.0,2.667,1.333,1.0,1.333,1.0
1548206993876,9038,8992,5018,3748,2358,1902,140828,59572,1,6,1548206992872.0,1.004,746.227,75.0,3.0,2.667,1.333,1.0,1.333,1.0
1548206994844,6187,3086,5854,4427,2469,2305,137697,2445,1,6,1548206993876.0,0.968,747.195,75.0,3.0,2.667,1.333,1.0,1.333,1.0
1548206995847,31568,3472,9458,8934,8217,4950,136030,22894,1,6,1548206994844.0,1.003,748.198,80.0,3.0,2.667,1.333,1.0,1.333,1.0
1548206996868,3074,5803,4592,2607,4648,5265,68284,44645,1,6,1548206995847.0,1.021,749.219,80.0,3.0,2.667,1.333,1.0,1.333,1.0
1548206997849,17161,22011,27502,16794,10940,25370,70793,46933,1,6,1548206996868.0,0.981,750.2,80.0,3.0,2.667,1.333,1.0,1.333,1.0
1548206998833,88635,63228,23118,21158,9866,18596,147724,80213,1,6,1548206997849.0,0.984,751.184,80.0,3.0,2.667,1.333,1.0,1.333,1.0
1548206999848,7593,6765,4690,3249,1685,3999,152936,11620,1,6,1548206998833.0,1.015,752.199,80.0,3.0,2.667,1.333,1.0,1.333,1.0
1548207000832,11426,31044,43886,15574,5984,43129,911286,173064,1,6,1548206999848.0,0.984,753.183,80.0,3.0,2.667,1.333,1.0,1.333,1.0
1548207001836,3159,4216,584,767,274,367,674958,11854,1,6,1548207000832.0,1.004,754.187,85.0,2.667,2.667,1.333,1.0,1.333,1.0
1548207002816,10838,6528,6142,6451,3946,2797,170819,40240,1,6,1548207001836.0,0.98,755.167,85.0,2.667,2.667,1.333,1.0,1.333,1.0
1548207003819,14056,23413,21770,11739,21819,13251,28669,64405,1,6,1548207002816.0,1.003,756.17,85.0,2.667,2.667,1.333,1.0,1.333,1.0
1548207004804,2096,10008,5119,2740,9054,7054,66618,22390,1,6,1548207003819.0,0.985,757.155,85.0,2.667,2.667,1.333,1.0,1.333,1.0
1548207005786,42548,16434,11092,23053,16433,21076,210733,455325,1,6,1548207004804.0,0.982,758.137,85.0,2.667,2.667,1.333,1.0,1.333,1.0
1548207006804,47938,78632,24058,40244,21595,21869,1244848,578894,1,6,1548207005786.0,1.018,759.155,85.0,2.667,2.667,1.333,1.0,1.333,1.0
1548207007805,44991,11296,62260,28836,5591,30055,820218,130832,1,6,1548207006804.0,1.001,760.156,90.0,2.667,2.667,1.333,1.0,1.333,1.0
1548207008771,18436,14608,27002,18542,5935,7027,1152406,78403,1,6,1548207007805.0,0.966,761.122,90.0,2.667,2.667,1.333,1.0,1.333,1.0
1548207009800,6998,5655,5971,7825,2479,5794,355762,39158,1,6,1548207008771.0,1.029,762.151,90.0,2.667,2.667,1.333,1.0,1.333,1.0
1548207010790,42528,9331,11046,9770,5032,13658,396430,13475,1,6,1548207009800.0,0.99,763.141,90.0,2.667,2.667,1.333,1.0,1.333,1.0
1548207011756,13760,18941,8362,4674,9312,25585,903802,142479,1,6,1548207010790.0,0.966,764.107,90.0,2.667,2.667,1.333,1.0,1.333,1.0
1548207012760,16717,26368,19280,22652,9086,6287,254796,129517,1,6,1548207011756.0,1.004,765.111,90.0,2.667,2.667,1.333,1.0,1.333,1.0
1548207013774,6207,993,1916,1852,963,765,105307,11042,1,6,1548207012760.0,1.014,766.125,95.0,3.0,2.667,1.333,1.0,1.333,1.0
1548207014760,5764,4314,6942,24981,4188,12473,184573,65851,1,6,1548207013774.0,0.986,767.111,95.0,3.0,2.667,1.333,1.0,1.333,1.0
1548207015760,5688,20322,20947,54219,15379,8079,487389,209181,1,6,1548207014760.0,1.0,768.111,95.0,3.0,2.667,1.333,1.0,1.333,1.0
1548207016752,311,764,1306,336,254,644,86148,9985,1,6,1548207015760.0,0.992,769.103,95.0,3.0,2.667,1.333,1.0,1.333,1.0
1548207017733,14353,70876,24514,18404,18143,10576,588780,171589,1,6,1548207016752.0,0.981,770.084,95.0,3.0,2.667,1.333,1.0,1.333,1.0
1548207018730,20288,71013,15284,10177,8087,4321,1582166,26013,1,6,1548207017733.0,0.997,771.081,95.0,3.0,2.667,1.333,1.0,1.333,1.0
1548207019746,5985,7886,18314,5055,4711,17393,62490,31918,1,6,1548207018730.0,1.016,772.097,100.0,2.667,2.667,1.333,1.0,1.333,1.0
1548207020734,10163,879,19107,20155,12979,15664,48579,15388,1,6,1548207019746.0,0.988,773.085,100.0,2.667,2.667,1.333,1.0,1.333,1.0
1548207021729,2523,3021,6225,2081,1179,2452,118994,19136,1,6,1548207020734.0,0.995,774.08,100.0,2.667,2.667,1.333,1.0,1.333,1.0
1548207022716,51830,90524,16751,70797,23367,21756,1495988,358202,1,6,1548207021729.0,0.987,775.067,100.0,2.667,2.667,1.333,1.0,1.333,1.0
1548207023705,9684,12796,5791,5461,2142,5778,279349,16764,1,6,1548207022716.0,0.989,776.056,100.0,2.667,2.667,1.333,1.0,1.333,1.0
1548207024717,5557,4991,5112,4534,4200,2239,223067,80244,1,6,1548207023705.0,1.012,777.068,100.0,2.667,2.667,1.333,1.0,1.333,1.0
1548207025683,36973,7693,14333,21425,22367,16386,300660,136322,1,6,1548207024717.0,0.966,778.034,105.0,3.333,3.0,2.0,1.0,1.333,1.0
1548207026690,8110,18014,17264,19501,8961,16467,81047,7317,1,6,1548207025683.0,1.007,779.041,105.0,3.333,3.0,2.0,1.0,1.333,1.0
1548207027687,7807,3688,4377,6752,2339,6620,467153,57735,1,6,1548207026690.0,0.997,780.038,105.0,3.333,3.0,2.0,1.0,1.333,1.0
1548207028689,8597,5005,4475,3864,2223,3019,51615,21328,1,6,1548207027687.0,1.002,781.04,105.0,3.333,3.0,2.0,1.0,1.333,1.0
1548207029692,24062,23767,17054,53098,8768,10370,465957,18340,1,6,1548207028689.0,1.003,782.043,105.0,3.333,3.0,2.0,1.0,1.333,1.0
1548207030673,11800,3805,6027,9406,1225,3584,648646,99694,1,6,1548207029692.0,0.981,783.024,105.0,3.333,3.0,2.0,1.0,1.333,1.0
1548207031656,21125,2111,11674,25344,10739,17932,867224,91674,1,6,1548207030673.0,0.983,784.007,110.0,3.333,3.0,1.667,1.0,1.333,1.0
1548207032669,59268,89004,27964,49399,10874,16968,659442,346428,1,6,1548207031656.0,1.013,785.02,110.0,3.333,3.0,1.667,1.0,1.333,1.0
1548207033653,48329,25568,22895,6863,16120,43204,780869,94980,1,6,1548207032669.0,0.984,786.004,110.0,3.333,3.0,1.667,1.0,1.333,1.0
1548207034641,2540,2109,3775,5673,3213,3839,134401,4064,1,6,1548207033653.0,0.988,786.992,110.0,3.333,3.0,1.667,1.0,1.333,1.0
1548207035648,6503,4387,5384,2923,2641,5102,28103,17897,1,6,1548207034641.0,1.007,787.999,110.0,3.333,3.0,1.667,1.0,1.333,1.0
1548207036660,5007,30035,14360,11724,19980,6252,681678,74473,1,6,1548207035648.0,1.012,789.011,110.0,3.333,3.0,1.667,1.0,1.333,1.0
1548207037645,32923,15994,25082,30287,8464,16009,161416,122120,1,6,1548207036660.0,0.985,789.996,115.0,3.333,3.333,1.667,1.0,2.0,1.0
1548207038626,4317,4465,2820,5343,1495,2626,856349,13588,1,6,1548207037645.0,0.981,790.977,115.0,3.333,3.333,1.667,1.0,2.0,1.0
1548207039644,14408,5015,7824,10040,17582,7644,162057,16461,1,6,1548207038626.0,1.018,791.995,115.0,3.333,3.333,1.667,1.0,2.0,1.0
1548207040614,32434,49866,14240,18409,18885,17556,1367633,105396,1,6,1548207039644.0,0.97,792.965,115.0,3.333,3.333,1.667,1.0,2.0,1.0
1548207041621,7733,24340,11638,7169,15289,8170,26818,62642,1,6,1548207040614.0,1.007,793.972,115.0,3.333,3.333,1.667,1.0,2.0,1.0
1548207042604,4041,15556,10034,6354,6591,15719,43555,4430,1,6,1548207041621.0,0.983,794.955,115.0,3.333,3.333,1.667,1.0,2.0,1.0
1548207043614,10251,9145,2733,2347,492,3043,78196,33028,1,6,1548207042604.0,1.01,795.965,120.0,3.333,3.333,2.0,1.0,2.0,1.0
1548207044607,5316,12285,6538,5310,4827,4351,28120,22350,1,6,1548207043614.0,0.993,796.958,120.0,3.333,3.333,2.0,1.0,2.0,1.0
1548207045582,1357,14671,15193,2821,9567,4626,14223,8305,1,6,1548207044607.0,0.975,797.933,120.0,3.333,3.333,2.0,1.0,2.0,1.0
1548207046581,9419,5026,6572,8190,2788,4706,343128,33204,1,6,1548207045582.0,0.999,798.932,120.0,3.333,3.333,2.0,1.0,2.0,1.0
1548207047590,4033,2116,1607,5114,1106,2488,37972,46971,1,6,1548207046581.0,1.009,799.941,120.0,3.333,3.333,2.0,1.0,2.0,1.0
1548207048567,1165,4605,7288,7544,1661,3848,13941,4747,1,6,1548207047590.0,0.977,800.918,120.0,3.333,3.333,2.0,1.0,2.0,1.0
1548207049591,5748,10623,2341,2071,985,2625,132557,7322,1,6,1548207048567.0,1.024,801.942,125.0,3.0,3.333,1.667,1.0,2.0,1.0
1548207050568,7436,35803,5337,5959,5011,4213,666510,52260,1,6,1548207049591.0,0.977,802.919,125.0,3.0,3.333,1.667,1.0,2.0,1.0
1548207051578,1790,16247,4253,11382,850,3043,4834,15687,1,6,1548207050568.0,1.01,803.929,125.0,3.0,3.333,1.667,1.0,2.0,1.0
1548207052555,1566,16567,5884,3424,2946,3209,44871,90886,1,6,1548207051578.0,0.977,804.906,125.0,3.0,3.333,1.667,1.0,2.0,1.0
1548207053556,8426,42498,4031,5457,4188,2393,140140,229871,1,6,1548207052555.0,1.001,805.907,125.0,3.0,3.333,1.667,1.0,2.0,1.0
1548207054539,1890,11819,7343,3317,2880,3074,8231,10193,1,6,1548207053556.0,0.983,806.89,125.0,3.0,3.333,1.667,1.0,2.0,1.0
1548207055541,1823,4858,3703,2220,1894,3908,167889,128783,1,6,1548207054539.0,1.002,807.892,130.0,3.333,3.333,1.667,1.0,2.0,1.0
1548207056602,4445,6726,5857,12302,5494,3712,27597,4699,1,6,1548207055541.0,1.061,808.953,130.0,3.333,3.333,1.667,1.0,2.0,1.0
1548207057525,20179,28300,8885,18019,4990,2746,30062,51276,1,6,1548207056602.0,0.923,809.876,130.0,3.333,3.333,1.667,1.0,2.0,1.0
1548207058528,24104,14001,8407,18282,2759,4669,142469,91622,1,6,1548207057525.0,1.003,810.879,130.0,3.333,3.333,1.667,1.0,2.0,1.0
1548207059540,5378,2707,3117,5046,2926,4047,29793,10405,1,6,1548207058528.0,1.012,811.891,130.0,3.333,3.333,1.667,1.0,2.0,1.0
1548207060529,5200,5826,4304,1249,1532,2104,7519,9876,1,6,1548207059540.0,0.989,812.88,130.0,3.333,3.333,1.667,1.0,2.0,1.0
1548207061512,3619,1649,4692,1308,4510,4605,23115,20491,1,6,1548207060529.0,0.983,813.863,135.0,3.333,3.333,1.667,1.0,2.0,1.0
1548207062503,7465,2907,3007,4407,2546,1778,18011,11123,1,6,1548207061512.0,0.991,814.854,135.0,3.333,3.333,1.667,1.0,2.0,1.0
1548207063512,16971,9323,7467,4838,2967,3829,55302,1886,1,6,1548207062503.0,1.009,815.863,135.0,3.333,3.333,1.667,1.0,2.0,1.0
1548207064512,15058,10997,4353,12575,1268,5246,5497,14746,1,6,1548207063512.0,1.0,816.863,135.0,3.333,3.333,1.667,1.0,2.0,1.0
1548207065497,9316,5952,7256,5088,782,2916,5320,10240,1,6,1548207064512.0,0.985,817.848,135.0,3.333,3.333,1.667,1.0,2.0,1.0
1548207066499,17872,1914,6231,7002,1868,2292,13416,9409,1,6,1548207065497.0,1.002,818.85,135.0,3.333,3.333,1.667,1.0,2.0,1.0
1548207067501,511,3960,3424,2565,1986,3426,10551,4874,1,6,1548207066499.0,1.002,819.852,140.0,3.333,3.333,1.667,1.0,2.0,1.0
1548207068482,1635,2819,6244,2390,2126,2209,54361,38320,1,6,1548207067501.0,0.981,820.833,140.0,3.333,3.333,1.667,1.0,2.0,1.0
1548207069474,7040,5467,4571,1816,2607,1692,6634,8889,1,6,1548207068482.0,0.992,821.825,140.0,3.333,3.333,1.667,1.0,2.0,1.0
1548207070484,1243,1080,2229,3453,2095,2209,5180,19541,1,6,1548207069474.0,1.01,822.835,140.0,3.333,3.333,1.667,1.0,2.0,1.0
1548207071464,2006,3830,6338,1914,3350,3502,12107,1994,1,6,1548207070484.0,0.98,823.815,140.0,3.333,3.333,1.667,1.0,2.0,1.0
1548207072454,5209,5816,13174,3135,1468,1758,12735,9618,1,6,1548207071464.0,0.99,824.805,140.0,3.333,3.333,1.667,1.0,2.0,1.0
1548207073470,20316,2158,3709,2696,2220,1618,13706,11208,1,6,1548207072454.0,1.016,825.821,145.0,2.667,3.333,1.333,1.0,2.0,1.333
1548207074472,2003,2684,4130,20737,4449,3423,87266,12771,1,6,1548207073470.0,1.002,826.823,145.0,2.667,3.333,1.333,1.0,2.0,1.333
1548207075439,17129,97421,12890,16277,7284,14941,55033,95680,1,6,1548207074472.0,0.967,827.79,145.0,2.667,3.333,1.333,1.0,2.0,1.333
1548207076456,10250,15184,4331,14156,5569,6771,1621057,41678,1,6,1548207075439.0,1.017,828.807,145.0,2.667,3.333,1.333,1.0,2.0,1.333
1548207077423,14848,12820,3862,3170,2066,2030,56762,50446,1,6,1548207076456.0,0.967,829.774,145.0,2.667,3.333,1.333,1.0,2.0,1.333
1548207078449,4557,16171,14155,6122,3913,7131,34394,17984,1,6,1548207077423.0,1.026,830.8,145.0,2.667,3.333,1.333,1.0,2.0,1.333
1548207079423,19925,33786,14753,17441,4314,5981,499007,417363,1,6,1548207078449.0,0.974,831.774,150.0,2.667,3.333,1.333,1.0,2.0,1.333
1548207080437,2727,19924,10710,4701,5858,5222,39056,17388,1,6,1548207079423.0,1.014,832.788,150.0,2.667,3.333,1.333,1.0,2.0,1.333
1548207081420,4378,8601,8095,6428,3089,4153,12747,12441,1,6,1548207080437.0,0.983,833.771,150.0,2.667,3.333,1.333,1.0,2.0,1.333
1548207082394,7916,9473,1673,2104,2106,1593,173124,46927,1,6,1548207081420.0,0.974,834.745,150.0,2.667,3.333,1.333,1.0,2.0,1.333
1548207083410,7289,8204,5845,4270,5136,5907,39923,5642,1,6,1548207082394.0,1.016,835.761,150.0,2.667,3.333,1.333,1.0,2.0,1.333
1548207084397,11489,9525,3099,1093,1031,1769,31755,30374,1,6,1548207083410.0,0.987,836.748,150.0,2.667,3.333,1.333,1.0,2.0,1.333
1548207085427,4263,2845,2562,4162,895,1412,19783,8247,1,6,1548207084397.0,1.03,837.778,155.0,2.667,2.667,1.333,1.0,2.0,1.0
1548207086411,2620,5130,9938,1950,8480,6433,6282,11721,1,6,1548207085427.0,0.984,838.762,155.0,2.667,2.667,1.333,1.0,2.0,1.0
1548207087399,4052,7403,18669,10283,5653,2903,10403,8009,1,6,1548207086411.0,0.988,839.75,155.0,2.667,2.667,1.333,1.0,2.0,1.0
1548207088364,2973,10646,3013,3295,846,1091,59017,91010,1,6,1548207087399.0,0.965,840.715,155.0,2.667,2.667,1.333,1.0,2.0,1.0
1548207089375,11195,3760,4641,8628,7364,6071,19061,8251,1,6,1548207088364.0,1.011,841.726,155.0,2.667,2.667,1.333,1.0,2.0,1.0
1548207090372,11956,1323,11609,2197,4995,2807,2835,8563,1,6,1548207089375.0,0.997,842.723,155.0,2.667,2.667,1.333,1.0,2.0,1.0
1548207091351,5298,1251,3789,13003,4898,8106,18750,18215,1,6,1548207090372.0,0.979,843.702,160.0,2.667,2.667,1.333,1.333,2.0,1.0
1548207092357,1822,3914,2501,3934,1499,1627,18309,10481,1,6,1548207091351.0,1.006,844.708,160.0,2.667,2.667,1.333,1.333,2.0,1.0
1548207093370,9726,6732,5163,2739,1625,2444,3450,13150,1,6,1548207092357.0,1.013,845.721,160.0,2.667,2.667,1.333,1.333,2.0,1.0
1548207094352,6818,4172,6764,11119,1850,2404,9366,5687,1,6,1548207093370.0,0.982,846.703,160.0,2.667,2.667,1.333,1.333,2.0,1.0
1548207095348,4509,8723,3518,2543,2953,2440,7434,10498,1,6,1548207094352.0,0.996,847.699,160.0,2.667,2.667,1.333,1.333,2.0,1.0
1548207096338,8444,3166,2948,9901,3588,5210,7111,9506,1,6,1548207095348.0,0.99,848.689,160.0,2.667,2.667,1.333,1.333,2.0,1.0
1548207097320,3888,17120,6058,2918,3966,3842,43604,22167,1,6,1548207096338.0,0.982,849.671,165.0,2.667,2.667,1.333,1.333,2.0,1.0
1548207098331,3261,5906,5217,5512,1130,1221,184352,58900,1,6,1548207097320.0,1.011,850.682,165.0,2.667,2.667,1.333,1.333,2.0,1.0
1548207099339,2065,4170,2557,1924,1294,3288,79491,7549,1,6,1548207098331.0,1.008,851.69,165.0,2.667,2.667,1.333,1.333,2.0,1.0
1548207100324,4594,427,15015,7792,10575,11994,601733,16751,1,6,1548207099339.0,0.985,852.675,165.0,2.667,2.667,1.333,1.333,2.0,1.0
1548207101325,9075,4806,4343,6996,936,1016,164307,20468,1,6,1548207100324.0,1.001,853.676,165.0,2.667,2.667,1.333,1.333,2.0,1.0
1548207102290,1012,9443,6405,3719,2710,7002,61307,9556,1,6,1548207101325.0,0.965,854.641,165.0,2.667,2.667,1.333,1.333,2.0,1.0
1548207103293,5134,10852,2979,1767,2312,4021,24078,7837,1,6,1548207102290.0,1.003,855.644,170.0,2.667,2.667,1.333,1.333,2.0,1.0
1548207104297,5982,6388,6534,6248,3382,6016,17011,15908,1,6,1548207103293.0,1.004,856.648,170.0,2.667,2.667,1.333,1.333,2.0,1.0
1548207105292,15414,3370,6497,6079,6248,2384,12113,4357,1,6,1548207104297.0,0.995,857.643,170.0,2.667,2.667,1.333,1.333,2.0,1.0
1548207106277,17784,8684,4655,5500,1108,4732,5596,21661,1,6,1548207105292.0,0.985,858.628,170.0,2.667,2.667,1.333,1.333,2.0,1.0
1548207107297,10426,15280,5295,4637,2351,3817,14993,7164,1,6,1548207106277.0,1.02,859.648,170.0,2.667,2.667,1.333,1.333,2.0,1.0
1548207108280,21728,38714,7348,3648,5747,4080,240986,172876,1,6,1548207107297.0,0.983,860.631,170.0,2.667,2.667,1.333,1.333,2.0,1.0
1548207109271,3868,3667,2984,1662,1680,3975,420766,92171,1,6,1548207108280.0,0.991,861.622,175.0,2.667,2.667,1.333,1.333,2.0,1.0
1548207110280,12926,4215,7794,5796,2813,3551,9837,40706,1,6,1548207109271.0,1.009,862.631,175.0,2.667,2.667,1.333,1.333,2.0,1.0
1548207111251,11005,8177,4497,5663,2968,1101,15893,6727,1,6,1548207110280.0,0.971,863.602,175.0,2.667,2.667,1.333,1.333,2.0,1.0
1548207112250,2745,19482,3844,4902,1744,3411,9322,11535,1,6,1548207111251.0,0.999,864.601,175.0,2.667,2.667,1.333,1.333,2.0,1.0
1548207113247,1538,13440,2791,4956,2365,3411,17966,9272,1,6,1548207112250.0,0.997,865.598,175.0,2.667,2.667,1.333,1.333,2.0,1.0
1548207114251,1912,1775,4189,3915,1090,1472,15302,8311,1,6,1548207113247.0,1.004,866.602,175.0,2.667,2.667,1.333,1.333,2.0,1.0
1548207115252,7576,8291,6203,3642,3804,8120,92095,18558,1,6,1548207114251.0,1.001,867.603,180.0,2.667,2.667,1.333,1.333,2.0,1.0
1548207116252,12918,12373,5607,9157,2964,3365,245632,16515,1,6,1548207115252.0,1.0,868.603,180.0,2.667,2.667,1.333,1.333,2.0,1.0
1548207117218,14112,8909,3717,5419,1606,2949,1133383,206513,1,6,1548207116252.0,0.966,869.569,180.0,2.667,2.667,1.333,1.333,2.0,1.0
1548207118219,22740,12111,20628,21837,9374,20049,627140,204464,1,6,1548207117218.0,1.001,870.57,180.0,2.667,2.667,1.333,1.333,2.0,1.0
1548207119225,22690,3372,5743,8733,4771,5681,5792,19890,1,6,1548207118219.0,1.006,871.576,180.0,2.667,2.667,1.333,1.333,2.0,1.0
1548207120206,6686,2117,17402,6171,5698,8661,15384,13873,1,6,1548207119225.0,0.981,872.557,180.0,2.667,2.667,1.333,1.333,2.0,1.0
1548207121206,18951,37564,12766,17723,5475,7662,102346,62156,1,6,1548207120206.0,1.0,873.557,185.0,2.667,2.667,1.333,1.333,2.0,1.0
1548207122208,2047,2941,3101,4162,1269,2245,98005,90826,1,6,1548207121206.0,1.002,874.559,185.0,2.667,2.667,1.333,1.333,2.0,1.0
1548207123193,7659,5389,3009,2410,1869,3507,271516,27978,1,6,1548207122208.0,0.985,875.544,185.0,2.667,2.667,1.333,1.333,2.0,1.0
1548207124193,12527,10742,8537,3499,5619,7460,12540,6160,1,6,1548207123193.0,1.0,876.544,185.0,2.667,2.667,1.333,1.333,2.0,1.0
1548207125257,3731,14593,1383,2163,993,2919,192605,19652,1,6,1548207124193.0,1.064,877.608,185.0,2.667,2.667,1.333,1.333,2.0,1.0
1548207126184,3332,6404,13114,5538,4409,3513,2868,13983,1,6,1548207125257.0,0.927,878.535,185.0,2.667,2.667,1.333,1.333,2.0,1.0
1548207127181,2050,1848,9261,1791,4865,4386,9489,7673,1,6,1548207126184.0,0.997,879.532,185.0,2.667,2.667,1.333,1.333,2.0,1.0
1548207128160,4223,2606,6651,10427,4716,7334,6352,26066,1,6,1548207127181.0,0.979,880.511,190.0,2.667,2.667,1.333,1.333,2.0,1.0
1548207129161,10708,2262,14835,5839,6293,3210,20616,9449,1,6,1548207128160.0,1.001,881.512,190.0,2.667,2.667,1.333,1.333,2.0,1.0
1548207130178,5985,5437,2824,3057,1598,858,305667,23759,1,6,1548207129161.0,1.017,882.529,190.0,2.667,2.667,1.333,1.333,2.0,1.0
1548207131151,3268,10885,11504,7956,4707,11051,19794,7380,1,6,1548207130178.0,0.973,883.502,190.0,2.667,2.667,1.333,1.333,2.0,1.0
1548207132150,5197,24115,6780,20213,4745,6744,196716,149051,1,6,1548207131151.0,0.999,884.501,190.0,2.667,2.667,1.333,1.333,2.0,1.0
1548207133157,11036,4311,6856,5917,6470,17882,61080,130550,1,6,1548207132150.0,1.007,885.508,195.0,2.667,2.667,1.333,1.333,2.0,1.0
1548207134135,14703,70378,6037,14171,10223,6718,899305,52957,1,6,1548207133157.0,0.978,886.486,195.0,2.667,2.667,1.333,1.333,2.0,1.0
1548207135133,4219,13998,6236,4016,3715,5721,179274,76975,1,6,1548207134135.0,0.998,887.484,195.0,2.667,2.667,1.333,1.333,2.0,1.0
1548207136135,6691,2163,13815,3489,1786,2546,3852,9333,1,6,1548207135133.0,1.002,888.486,195.0,2.667,2.667,1.333,1.333,2.0,1.0
1548207137117,7886,10438,1362,1385,394,1394,40050,43112,1,6,1548207136135.0,0.982,889.468,195.0,2.667,2.667,1.333,1.333,2.0,1.0
1548207138121,6342,9476,1972,9245,1123,2157,108994,37401,1,6,1548207137117.0,1.004,890.472,195.0,2.667,2.667,1.333,1.333,2.0,1.0
1548207139136,464,5726,789,1423,708,421,197516,32382,1,6,1548207138121.0,1.015,891.487,200.0,2.0,2.667,1.333,1.0,2.0,1.0
1548207140109,6716,10697,12638,7042,3308,4045,8017,4361,1,6,1548207139136.0,0.973,892.46,200.0,2.0,2.667,1.333,1.0,2.0,1.0
1548207141106,30458,83475,13873,3389,7142,2269,294443,186632,1,6,1548207140109.0,0.997,893.457,200.0,2.0,2.667,1.333,1.0,2.0,1.0
1548207142109,15256,13487,8585,5849,3247,6142,1808655,116326,1,6,1548207141106.0,1.003,894.46,200.0,2.0,2.667,1.333,1.0,2.0,1.0
1548207143097,13589,28240,7344,16871,5006,4758,529281,246606,1,6,1548207142109.0,0.988,895.448,200.0,2.0,2.667,1.333,1.0,2.0,1.0
1548207144112,5979,2063,10826,5092,2529,5022,6865,7376,1,6,1548207143097.0,1.015,896.463,200.0,2.0,2.667,1.333,1.0,2.0,1.0
1548207145095,2065,2989,3115,7145,2177,951,68662,37870,1,6,1548207144112.0,0.983,897.446,200.0,2.0,2.667,1.333,1.0,2.0,1.0
1548207146075,28505,116734,13835,21462,12516,6194,765308,204997,1,6,1548207145095.0,0.98,898.426,205.0,2.667,2.667,1.333,1.0,2.0,1.0
1548207147094,7647,6873,13511,16218,13679,12425,53891,117746,1,6,1548207146075.0,1.019,899.445,205.0,2.667,2.667,1.333,1.0,2.0,1.0
1548207148075,9012,27423,7552,19382,2601,10916,476143,112973,1,6,1548207147094.0,0.981,900.426,205.0,2.667,2.667,1.333,1.0,2.0,1.0
1548207149065,21798,33372,23622,27318,9346,9027,287795,41367,1,6,1548207148075.0,0.99,901.416,205.0,2.667,2.667,1.333,1.0,2.0,1.0
1548207150064,22226,27112,16469,10462,6618,15984,57551,76252,1,6,1548207149065.0,0.999,902.415,205.0,2.667,2.667,1.333,1.0,2.0,1.0
1548207151045,1123,5373,12922,1914,3654,8384,36878,50611,1,6,1548207150064.0,0.981,903.396,205.0,2.667,2.667,1.333,1.0,2.0,1.0
1548207152055,5363,6540,2522,5740,2799,8568,686406,95731,1,6,1548207151045.0,1.01,904.406,210.0,3.0,3.333,1.667,1.0,2.0,1.0
1548207153046,9088,13352,21851,41433,20289,50665,1694763,452097,1,6,1548207152055.0,0.991,905.397,210.0,3.0,3.333,1.667,1.0,2.0,1.0
1548207154041,34768,22657,21179,30618,7803,26581,415457,43102,1,6,1548207153046.0,0.995,906.392,210.0,3.0,3.333,1.667,1.0,2.0,1.0
1548207155048,17191,9287,11616,9556,4938,10360,71963,71197,1,6,1548207154041.0,1.007,907.399,210.0,3.0,3.333,1.667,1.0,2.0,1.0
1548207156050,19360,86272,18932,20632,6762,24421,231768,155274,1,6,1548207155048.0,1.002,908.401,210.0,3.0,3.333,1.667,1.0,2.0,1.0
1548207157024,22637,11013,18822,30528,13866,18357,436841,88642,1,6,1548207156050.0,0.974,909.375,210.0,3.0,3.333,1.667,1.0,2.0,1.0
1548207158033,30765,5218,17867,12009,12408,9610,208093,15571,1,6,1548207157024.0,1.009,910.384,215.0,3.0,3.333,1.667,1.0,2.0,1.0
1548207159035,3494,7295,6509,10363,4467,1750,35149,23321,1,6,1548207158033.0,1.002,911.386,215.0,3.0,3.333,1.667,1.0,2.0,1.0
1548207160022,5382,18487,22347,27709,5199,6980,1932817,261873,1,6,1548207159035.0,0.987,912.373,215.0,3.0,3.333,1.667,1.0,2.0,1.0
1548207161020,6215,6226,12676,6251,2346,4936,163583,144721,1,6,1548207160022.0,0.998,913.371,215.0,3.0,3.333,1.667,1.0,2.0,1.0
1548207161993,6904,5315,16285,19024,8416,12850,30142,23964,1,6,1548207161020.0,0.973,914.344,215.0,3.0,3.333,1.667,1.0,2.0,1.0
1548207162987,17510,36980,12597,9549,13272,8051,525207,159626,1,6,1548207161993.0,0.994,915.338,215.0,3.0,3.333,1.667,1.0,2.0,1.0
1548207163989,5194,15950,5485,5361,1617,4006,427263,47266,1,6,1548207162987.0,1.002,916.34,220.0,3.0,3.333,2.0,1.0,2.0,1.0
1548207164973,3672,5843,5301,3888,2489,3005,43487,29436,1,6,1548207163989.0,0.984,917.324,220.0,3.0,3.333,2.0,1.0,2.0,1.0
1548207165991,11642,8104,9580,11217,3867,10401,1112671,102900,1,6,1548207164973.0,1.018,918.342,220.0,3.0,3.333,2.0,1.0,2.0,1.0
1548207166996,54925,8781,53304,44397,14748,14532,1473254,280254,1,6,1548207165991.0,1.005,919.347,220.0,3.0,3.333,2.0,1.0,2.0,1.0
1548207167975,2835,38903,4226,8172,2083,4641,209338,88078,1,6,1548207166996.0,0.979,920.326,220.0,3.0,3.333,2.0,1.0,2.0,1.0
1548207168962,9469,4664,18376,9421,3956,3376,1219428,61351,1,6,1548207167975.0,0.987,921.313,220.0,3.0,3.333,2.0,1.0,2.0,1.0
1548207169972,4766,1177,3122,2287,1022,3750,42269,9903,1,6,1548207168962.0,1.01,922.323,225.0,3.0,3.667,2.667,1.0,1.333,1.0
1548207170963,5676,4412,4957,11228,1960,5792,82286,51381,1,6,1548207169972.0,0.991,923.314,225.0,3.0,3.667,2.667,1.0,1.333,1.0
1548207171947,15725,43277,36260,60701,18983,12010,1289671,513197,1,6,1548207170963.0,0.984,924.298,225.0,3.0,3.667,2.667,1.0,1.333,1.0
1548207172947,18462,12218,27816,120285,9782,26707,786066,248485,1,6,1548207171947.0,1.0,925.298,225.0,3.0,3.667,2.667,1.0,1.333,1.0
1548207173929,2683,1551,4410,10070,3168,8060,127534,4962,1,6,1548207172947.0,0.982,926.28,225.0,3.0,3.667,2.667,1.0,1.333,1.0
1548207174951,21970,47310,23148,29889,10991,8893,44629,106842,1,6,1548207173929.0,1.022,927.302,225.0,3.0,3.667,2.667,1.0,1.333,1.0
1548207175935,48832,81297,19708,83085,11859,5103,1066034,226335,1,6,1548207174951.0,0.984,928.286,230.0,3.333,3.667,2.667,1.0,1.333,1.0
1548207176933,9279,17058,9973,8261,5107,11476,368162,61232,1,6,1548207175935.0,0.998,929.284,230.0,3.333,3.667,2.667,1.0,1.333,1.0
1548207177926,40478,117818,52035,56967,29073,32189,2768573,301670,1,6,1548207176933.0,0.993,930.277,230.0,3.333,3.667,2.667,1.0,1.333,1.0
1548207178934,2029,1444,3195,2608,1185,3336,164819,8806,1,6,1548207177926.0,1.008,931.285,230.0,3.333,3.667,2.667,1.0,1.333,1.0
1548207179917,1591,973,1292,1000,1346,5499,31986,32411,1,6,1548207178934.0,0.983,932.268,230.0,3.333,3.667,2.667,1.0,1.333,1.0
1548207180917,22634,51902,26356,86447,21600,18471,1195262,83019,1,6,1548207179917.0,1.0,933.268,230.0,3.333,3.667,2.667,1.0,1.333,1.0
1548207181899,15316,18030,10574,8728,6497,7155,942738,26117,1,6,1548207180917.0,0.982,934.25,235.0,3.333,4.0,2.667,1.0,1.333,1.0
1548207182885,1706,6960,9374,8139,3444,4487,179365,26721,1,6,1548207181899.0,0.986,935.236,235.0,3.333,4.0,2.667,1.0,1.333,1.0
1548207183904,20887,11480,48624,21906,11905,13242,35079,254537,1,6,1548207182885.0,1.019,936.255,235.0,3.333,4.0,2.667,1.0,1.333,1.0
1548207184899,13906,19127,7667,14023,3818,9289,1522901,75648,1,6,1548207183904.0,0.995,937.25,235.0,3.333,4.0,2.667,1.0,1.333,1.0
1548207185896,14066,61964,40358,79995,5786,20135,321535,78532,1,6,1548207184899.0,0.997,938.247,235.0,3.333,4.0,2.667,1.0,1.333,1.0
1548207186876,1787,1476,1525,3996,1077,1505,46330,9015,1,6,1548207185896.0,0.98,939.227,235.0,3.333,4.0,2.667,1.0,1.333,1.0
1548207187893,64170,26051,20433,24149,10542,18013,601311,145996,1,6,1548207186876.0,1.017,940.244,240.0,3.333,3.667,2.667,1.0,1.333,1.0
1548207188876,3397,12989,7317,21623,7191,3614,594644,40967,1,6,1548207187893.0,0.983,941.227,240.0,3.333,3.667,2.667,1.0,1.333,1.0
1548207189866,2312,16646,11156,9945,9241,13687,177907,88658,1,6,1548207188876.0,0.99,942.217,240.0,3.333,3.667,2.667,1.0,1.333,1.0
1548207190841,60171,285353,72333,34681,11713,35161,2282709,300622,1,6,1548207189866.0,0.975,943.192,240.0,3.333,3.667,2.667,1.0,1.333,1.0
1548207191844,39505,14493,17559,59049,22962,13636,723012,280286,1,6,1548207190841.0,1.003,944.195,240.0,3.333,3.667,2.667,1.0,1.333,1.0
1548207192859,6575,26207,10513,9280,1537,2111,298253,116257,1,6,1548207191844.0,1.015,945.21,240.0,3.333,3.667,2.667,1.0,1.333,1.0
1548207193874,1748,4989,8420,12354,2943,3037,161530,8693,1,6,1548207192859.0,1.015,946.225,245.0,3.0,3.667,2.667,1.0,1.333,1.0
1548207194831,11770,40663,20953,24377,8935,14802,946073,303449,1,6,1548207193874.0,0.957,947.182,245.0,3.0,3.667,2.667,1.0,1.333,1.0
1548207195827,10068,10053,4703,4989,9560,4169,384760,52253,1,6,1548207194831.0,0.996,948.178,245.0,3.0,3.667,2.667,1.0,1.333,1.0
1548207196814,33706,8446,23566,171630,12963,55406,399917,106857,1,6,1548207195827.0,0.987,949.165,245.0,3.0,3.667,2.667,1.0,1.333,1.0
1548207197816,41577,8576,17056,40470,7222,8096,661684,154431,1,6,1548207196814.0,1.002,950.167,245.0,3.0,3.667,2.667,1.0,1.333,1.0
1548207198832,6741,3008,4251,21188,2997,2030,20236,4577,1,6,1548207197816.0,1.016,951.183,245.0,3.0,3.667,2.667,1.0,1.333,1.0
1548207199797,11832,4831,10816,9656,4901,5038,698319,15179,1,6,1548207198832.0,0.965,952.148,250.0,3.333,3.333,2.333,1.0,1.333,1.0
1548207200801,48902,44609,33273,55469,16467,17887,232851,189406,1,6,1548207199797.0,1.004,953.152,250.0,3.333,3.333,2.333,1.0,1.333,1.0
1548207201800,9578,8631,5818,6955,3754,3049,318377,14434,1,6,1548207200801.0,0.999,954.151,250.0,3.333,3.333,2.333,1.0,1.333,1.0
1548207202802,38793,83921,29754,55548,22802,36022,259173,302322,1,6,1548207201800.0,1.002,955.153,250.0,3.333,3.333,2.333,1.0,1.333,1.0
1548207203786,8340,12634,9678,4936,1951,4315,55806,88777,1,6,1548207202802.0,0.984,956.137,250.0,3.333,3.333,2.333,1.0,1.333,1.0
1548207204784,3096,7890,7015,7930,4260,1554,37793,14706,1,6,1548207203786.0,0.998,957.135,250.0,3.333,3.333,2.333,1.0,1.333,1.0
1548207205770,25165,38191,20351,44547,10240,24482,195664,47708,1,6,1548207204784.0,0.986,958.121,255.0,3.333,3.667,2.333,1.0,1.333,1.0
1548207206786,5122,112,5986,5439,2166,3896,250758,47385,1,6,1548207205770.0,1.016,959.137,255.0,3.333,3.667,2.333,1.0,1.333,1.0
1548207207754,9164,10242,4628,11037,2673,3581,135362,14876,1,6,1548207206786.0,0.968,960.105,255.0,3.333,3.667,2.333,1.0,1.333,1.0
1548207208780,10478,10141,25159,63511,16154,26648,152587,19539,1,6,1548207207754.0,1.026,961.131,255.0,3.333,3.667,2.333,1.0,1.333,1.0
1548207209757,6279,2349,25772,46554,8441,12787,341785,220124,1,6,1548207208780.0,0.977,962.108,255.0,3.333,3.667,2.333,1.0,1.333,1.0
1548207210756,6748,8079,2481,2265,587,1834,116787,28189,1,6,1548207209757.0,0.999,963.107,255.0,3.333,3.667,2.333,1.0,1.333,1.0
1548207211755,6979,2478,1721,9005,1386,1125,562308,21398,1,6,1548207210756.0,0.999,964.106,260.0,3.667,4.0,2.0,1.0,2.0,1.0
1548207212746,9703,2959,7448,15989,2258,5359,289493,66590,1,6,1548207211755.0,0.991,965.097,260.0,3.667,4.0,2.0,1.0,2.0,1.0
1548207213728,13363,24515,12566,11895,5482,7942,1987872,71926,1,6,1548207212746.0,0.982,966.079,260.0,3.667,4.0,2.0,1.0,2.0,1.0
1548207214729,20665,81417,28330,83491,13019,39736,1145631,111484,1,6,1548207213728.0,1.001,967.08,260.0,3.667,4.0,2.0,1.0,2.0,1.0
1548207215724,4820,8196,5617,17070,2346,8047,802277,54104,1,6,1548207214729.0,0.995,968.075,260.0,3.667,4.0,2.0,1.0,2.0,1.0
1548207216726,1229,6796,9221,24577,4575,8445,144972,21113,1,6,1548207215724.0,1.002,969.077,260.0,3.667,4.0,2.0,1.0,2.0,1.0
1548207217711,53775,90158,11792,49097,11744,14929,942094,170104,1,6,1548207216726.0,0.985,970.062,265.0,3.333,3.333,2.0,1.0,2.0,1.0
1548207218723,7262,19267,16510,31234,10822,10088,812652,107867,1,6,1548207217711.0,1.012,971.074,265.0,3.333,3.333,2.0,1.0,2.0,1.0
1548207219698,14172,8716,17974,5954,3763,9133,1154187,92525,1,6,1548207218723.0,0.975,972.049,265.0,3.333,3.333,2.0,1.0,2.0,1.0
1548207220711,21384,49733,25869,73663,10436,7091,1540248,264915,1,6,1548207219698.0,1.013,973.062,265.0,3.333,3.333,2.0,1.0,2.0,1.0
1548207221700,58754,98233,25817,32531,9357,31537,170991,77156,1,6,1548207220711.0,0.989,974.051,265.0,3.333,3.333,2.0,1.0,2.0,1.0
1548207222683,7288,670,5637,6036,2981,6472,59695,28544,1,6,1548207221700.0,0.983,975.034,265.0,3.333,3.333,2.0,1.0,2.0,1.0
1548207223700,11554,3101,31712,24198,21907,18857,278257,227958,1,6,1548207222683.0,1.017,976.051,270.0,3.333,3.333,2.0,1.0,2.0,1.0
1548207224667,14519,22110,21925,25026,4920,18065,27340,17393,1,6,1548207223700.0,0.967,977.018,270.0,3.333,3.333,2.0,1.0,2.0,1.0
1548207225689,5665,36213,15892,15621,33526,31716,56808,114304,1,6,1548207224667.0,1.022,978.04,270.0,3.333,3.333,2.0,1.0,2.0,1.0
1548207226688,12671,45390,17572,40536,11562,16823,326296,51743,1,6,1548207225689.0,0.999,979.039,270.0,3.333,3.333,2.0,1.0,2.0,1.0
1548207227675,46703,8417,42754,40199,6801,16421,46434,17444,1,6,1548207226688.0,0.987,980.026,270.0,3.333,3.333,2.0,1.0,2.0,1.0
1548207228654,23914,16203,11037,65140,8751,10243,36969,31642,1,6,1548207227675.0,0.979,981.005,270.0,3.333,3.333,2.0,1.0,2.0,1.0
1548207229668,5730,3199,13947,43236,6604,12358,37899,58328,1,6,1548207228654.0,1.014,982.019,275.0,3.333,3.333,2.0,1.0,2.0,1.0
1548207230658,7011,7689,6170,4031,2522,3313,70043,35887,1,6,1548207229668.0,0.99,983.009,275.0,3.333,3.333,2.0,1.0,2.0,1.0
1548207231641,120641,102981,73437,42385,17631,71698,644178,278859,1,6,1548207230658.0,0.983,983.992,275.0,3.333,3.333,2.0,1.0,2.0,1.0
1548207232639,26656,21938,39925,33418,20139,17644,33843,58914,1,6,1548207231641.0,0.998,984.99,275.0,3.333,3.333,2.0,1.0,2.0,1.0
1548207233623,15650,1623,6565,5886,2929,4234,84795,66746,1,6,1548207232639.0,0.984,985.974,275.0,3.333,3.333,2.0,1.0,2.0,1.0
1548207234627,14188,16209,26249,31760,12510,18801,53509,8496,1,6,1548207233623.0,1.004,986.978,275.0,3.333,3.333,2.0,1.0,2.0,1.0
1548207235645,120835,7290,70593,63567,27888,41707,1271072,99286,1,6,1548207234627.0,1.018,987.996,280.0,3.333,3.0,2.0,1.0,2.0,1.0
1548207236610,13274,775,2845,10592,2255,1964,148012,18299,1,6,1548207235645.0,0.965,988.961,280.0,3.333,3.0,2.0,1.0,2.0,1.0
1548207237611,3251,16177,5955,13648,4894,2228,631326,47892,1,6,1548207236610.0,1.001,989.962,280.0,3.333,3.0,2.0,1.0,2.0,1.0
1548207238636,29287,43598,44925,53570,12706,25212,1148447,243056,1,6,1548207237611.0,1.025,990.987,280.0,3.333,3.0,2.0,1.0,2.0,1.0
1548207239611,5512,131034,36401,105221,10828,10131,467769,441218,1,6,1548207238636.0,0.975,991.962,280.0,3.333,3.0,2.0,1.0,2.0,1.0
1548207240599,6339,9282,6273,11247,2345,3051,120121,39300,1,6,1548207239611.0,0.988,992.95,280.0,3.333,3.0,2.0,1.0,2.0,1.0
1548207241595,16412,116904,30520,71987,36936,23474,819647,822115,1,6,1548207240599.0,0.996,993.946,285.0,3.333,3.0,2.0,1.0,2.0,1.0
1548207242605,11890,9244,9933,22349,3140,7573,164590,51976,1,6,1548207241595.0,1.01,994.956,285.0,3.333,3.0,2.0,1.0,2.0,1.0
1548207243584,22409,32277,29075,28309,23395,11648,451406,93259,1,6,1548207242605.0,0.979,995.935,285.0,3.333,3.0,2.0,1.0,2.0,1.0
1548207244583,11027,21700,18928,23296,15409,17062,701635,149414,1,6,1548207243584.0,0.999,996.934,285.0,3.333,3.0,2.0,1.0,2.0,1.0
1548207245570,51894,88415,67183,125462,68011,11751,1350138,327256,1,6,1548207244583.0,0.987,997.921,285.0,3.333,3.0,2.0,1.0,2.0,1.0
1548207246584,20744,12070,22294,28723,5550,26689,1420831,75456,1,6,1548207245570.0,1.014,998.935,285.0,3.333,3.0,2.0,1.0,2.0,1.0
1548207247550,53739,15525,19185,25100,14226,42113,1538839,157958,1,6,1548207246584.0,0.966,999.901,290.0,3.0,3.0,2.0,1.0,2.0,1.0
1548207248551,12146,111928,29456,19468,16658,31907,705663,462648,1,6,1548207247550.0,1.001,1000.902,290.0,3.0,3.0,2.0,1.0,2.0,1.0
1548207249555,2487,6851,6739,14105,2896,4409,168883,68614,1,6,1548207248551.0,1.004,1001.906,290.0,3.0,3.0,2.0,1.0,2.0,1.0
1548207250554,13823,107436,59071,30600,21134,13843,1238775,509462,1,6,1548207249555.0,0.999,1002.905,290.0,3.0,3.0,2.0,1.0,2.0,1.0
1548207251559,51555,163388,64884,27560,59735,22354,1233797,419347,1,6,1548207250554.0,1.005,1003.91,290.0,3.0,3.0,2.0,1.0,2.0,1.0
1548207252540,4513,1399,5688,13755,2278,4506,92299,15488,1,6,1548207251559.0,0.981,1004.891,290.0,3.0,3.0,2.0,1.0,2.0,1.0
1548207253547,9107,11492,34044,46546,9186,27106,3062,43394,1,6,1548207252540.0,1.007,1005.898,295.0,2.667,3.0,2.0,1.0,1.333,1.0
1548207254530,8521,37368,29075,17940,21222,17253,623884,22099,1,6,1548207253547.0,0.983,1006.881,295.0,2.667,3.0,2.0,1.0,1.333,1.0
1548207255541,7879,14643,13023,24373,4040,4325,138288,69645,1,6,1548207254530.0,1.011,1007.892,295.0,2.667,3.0,2.0,1.0,1.333,1.0
1548207256513,3658,3718,11030,15384,6237,11790,735913,96786,1,6,1548207255541.0,0.972,1008.864,295.0,2.667,3.0,2.0,1.0,1.333,1.0
1548207257509,38216,69688,33997,38191,12300,24931,458192,349446,1,6,1548207256513.0,0.996,1009.86,295.0,2.667,3.0,2.0,1.0,1.333,1.0
1548207258526,17309,12780,31537,92347,17040,10762,255644,76173,1,6,1548207257509.0,1.017,1010.877,295.0,2.667,3.0,2.0,1.0,1.333,1.0
1548207259510,48220,47355,31543,36179,28850,16061,188499,127317,1,6,1548207258526.0,0.984,1011.861,300.0,2.333,2.667,2.0,1.0,1.333,1.0
1548207260497,30582,13885,61061,124556,11964,7348,72477,91535,1,6,1548207259510.0,0.987,1012.848,300.0,2.333,2.667,2.0,1.0,1.333,1.0
1548207261494,38355,32699,23626,23318,11346,31542,684957,29370,1,6,1548207260497.0,0.997,1013.845,300.0,2.333,2.667,2.0,1.0,1.333,1.0
1548207262517,45047,25199,29708,56008,7624,17961,1549020,95757,1,6,1548207261494.0,1.023,1014.868,300.0,2.333,2.667,2.0,1.0,1.333,1.0
1548207263484,6966,36666,4150,2839,1954,6157,176292,66168,1,6,1548207262517.0,0.967,1015.835,300.0,2.333,2.667,2.0,1.0,1.333,1.0
1548207264464,1545,2817,4541,8053,2721,2145,23356,2605,1,6,1548207263484.0,0.98,1016.815,300.0,2.333,2.667,2.0,1.0,1.333,1.0
1548207265485,11580,21865,7602,23671,5527,5600,13989,8974,1,6,1548207264464.0,1.021,1017.836,305.0,2.333,2.667,2.0,1.0,1.333,1.0
1548207266483,4473,6915,6208,8163,2062,3877,32590,6776,1,6,1548207265485.0,0.998,1018.834,305.0,2.333,2.667,2.0,1.0,1.333,1.0
1548207267449,8183,1254,8572,4698,1275,4950,812242,10886,1,6,1548207266483.0,0.966,1019.8,305.0,2.333,2.667,2.0,1.0,1.333,1.0
1548207268449,26298,27878,29827,24728,4011,24066,479378,57271,1,6,1548207267449.0,1.0,1020.8,305.0,2.333,2.667,2.0,1.0,1.333,1.0
1548207269460,22982,74571,26363,50782,16426,22906,1422177,218138,1,6,1548207268449.0,1.011,1021.811,305.0,2.333,2.667,2.0,1.0,1.333,1.0
1548207270453,102766,17630,41164,41032,4664,3266,795677,505604,1,6,1548207269460.0,0.993,1022.804,305.0,2.333,2.667,2.0,1.0,1.333,1.0
1548207271435,3148,4464,5496,7688,1654,1820,30283,28310,1,6,1548207270453.0,0.982,1023.786,310.0,2.667,2.667,2.0,1.0,1.333,1.0
1548207272442,28987,16458,9435,8295,1470,2497,950873,16358,1,6,1548207271435.0,1.007,1024.793,310.0,2.667,2.667,2.0,1.0,1.333,1.0
1548207273438,47317,111853,31986,63066,13449,14436,698256,93444,1,6,1548207272442.0,0.996,1025.789,310.0,2.667,2.667,2.0,1.0,1.333,1.0
1548207274439,43196,46665,22914,35293,16406,12071,1814399,164102,1,6,1548207273438.0,1.001,1026.79,310.0,2.667,2.667,2.0,1.0,1.333,1.0
1548207275440,129347,49598,42105,51954,9112,13425,1225894,337441,1,6,1548207274439.0,1.001,1027.791,310.0,2.667,2.667,2.0,1.0,1.333,1.0
1548207276407,7118,10627,2519,6475,1102,3285,14654,7574,1,6,1548207275440.0,0.967,1028.758,310.0,2.667,2.667,2.0,1.0,1.333,1.0
1548207277408,2815,18598,3685,9902,4807,9144,6320,4448,1,6,1548207276407.0,1.001,1029.759,315.0,2.333,2.667,2.0,1.0,1.333,1.0
1548207278417,3260,65217,26306,14647,4414,12424,4700,45673,1,6,1548207277408.0,1.009,1030.768,315.0,2.333,2.667,2.0,1.0,1.333,1.0
1548207279409,22958,36287,22460,29973,7294,11561,392879,77806,1,6,1548207278417.0,0.992,1031.76,315.0,2.333,2.667,2.0,1.0,1.333,1.0
1548207280394,61286,32246,22677,36867,6783,10275,35081,40827,1,6,1548207279409.0,0.985,1032.745,315.0,2.333,2.667,2.0,1.0,1.333,1.0
1548207281401,50236,154098,36625,32260,6144,4763,409105,193793,1,6,1548207280394.0,1.007,1033.752,315.0,2.333,2.667,2.0,1.0,1.333,1.0
1548207282389,10577,17621,8489,6584,5860,3859,35570,10427,1,6,1548207281401.0,0.988,1034.74,315.0,2.333,2.667,2.0,1.0,1.333,1.0
1548207283399,9953,3902,6928,6766,8478,4954,16559,12258,1,6,1548207282389.0,1.01,1035.75,320.0,2.667,2.667,2.0,1.0,1.333,1.0
1548207284366,1126,1622,1336,811,311,671,69277,27543,1,6,1548207283399.0,0.967,1036.717,320.0,2.667,2.667,2.0,1.0,1.333,1.0
1548207285369,17264,13655,11483,19148,6120,14150,885344,31719,1,6,1548207284366.0,1.003,1037.72,320.0,2.667,2.667,2.0,1.0,1.333,1.0
1548207286380,3104,1598,14880,30034,5403,4543,38922,36304,1,6,1548207285369.0,1.011,1038.731,320.0,2.667,2.667,2.0,1.0,1.333,1.0
1548207287350,21263,84457,16046,12994,6991,6735,755761,91242,1,6,1548207286380.0,0.97,1039.701,320.0,2.667,2.667,2.0,1.0,1.333,1.0
1548207288348,69298,44160,17647,52869,10771,13245,267984,206996,1,6,1548207287350.0,0.998,1040.699,320.0,2.667,2.667,2.0,1.0,1.333,1.0
1548207289347,9677,14840,13936,20267,2071,1334,120981,64833,1,6,1548207288348.0,0.999,1041.698,325.0,2.667,2.667,2.0,1.0,1.333,1.0
1548207290359,1209,2204,2811,3618,575,688,229412,3655,1,6,1548207289347.0,1.012,1042.71,325.0,2.667,2.667,2.0,1.0,1.333,1.0
1548207291348,38982,31157,10854,48997,3677,6331,1822697,25658,1,6,1548207290359.0,0.989,1043.699,325.0,2.667,2.667,2.0,1.0,1.333,1.0
1548207292335,5931,16060,8212,3733,3567,7212,461963,109237,1,6,1548207291348.0,0.987,1044.686,325.0,2.667,2.667,2.0,1.0,1.333,1.0
1548207293319,27395,25566,11581,17781,8097,3171,1927120,126686,1,6,1548207292335.0,0.984,1045.67,325.0,2.667,2.667,2.0,1.0,1.333,1.0
1548207294319,11230,13632,9867,7708,5307,5440,193037,56869,1,6,1548207293319.0,1.0,1046.67,325.0,2.667,2.667,2.0,1.0,1.333,1.0
1548207295338,19531,13731,6538,10305,6490,6563,76532,7307,1,6,1548207294319.0,1.019,1047.689,330.0,2.667,2.667,1.667,1.0,2.0,1.0
1548207296307,1126,4307,4644,2323,1687,2998,6286,2840,1,6,1548207295338.0,0.969,1048.658,330.0,2.667,2.667,1.667,1.0,2.0,1.0
1548207297305,2891,1917,1094,1413,409,374,54189,28929,1,6,1548207296307.0,0.998,1049.656,330.0,2.667,2.667,1.667,1.0,2.0,1.0
1548207298305,4111,4729,4819,1405,1716,1324,12980,5674,1,6,1548207297305.0,1.0,1050.656,330.0,2.667,2.667,1.667,1.0,2.0,1.0
1548207299289,8028,11549,8789,2475,5653,10635,309923,191139,1,6,1548207298305.0,0.984,1051.64,330.0,2.667,2.667,1.667,1.0,2.0,1.0
1548207300292,4793,12927,12310,10928,2369,5144,3071,15504,1,6,1548207299289.0,1.003,1052.643,330.0,2.667,2.667,1.667,1.0,2.0,1.0
1548207301290,12073,19445,6545,3686,4616,4609,9213,22929,1,6,1548207300292.0,0.998,1053.641,335.0,3.0,3.0,1.667,1.0,2.0,1.0
1548207302292,7585,4297,7743,11029,4997,6279,36146,28539,1,6,1548207301290.0,1.002,1054.643,335.0,3.0,3.0,1.667,1.0,2.0,1.0
1548207303297,4436,3163,5282,10034,2631,7704,2836,5493,1,6,1548207302292.0,1.005,1055.648,335.0,3.0,3.0,1.667,1.0,2.0,1.0
1548207304277,8268,8638,4025,6346,2930,4158,31931,21750,1,6,1548207303297.0,0.98,1056.628,335.0,3.0,3.0,1.667,1.0,2.0,1.0
1548207305276,5417,1394,11719,6701,2824,8980,15677,17442,1,6,1548207304277.0,0.999,1057.627,335.0,3.0,3.0,1.667,1.0,2.0,1.0
1548207306285,9718,5354,6132,6717,5763,4265,389846,32566,1,6,1548207305276.0,1.009,1058.636,335.0,3.0,3.0,1.667,1.0,2.0,1.0
1548207307264,14458,1316,25893,11462,8760,16083,68025,30181,1,6,1548207306285.0,0.979,1059.615,340.0,3.333,2.667,1.667,1.0,1.667,1.0
1548207308248,23315,1498,9681,8257,9789,15455,23263,27780,1,6,1548207307264.0,0.984,1060.599,340.0,3.333,2.667,1.667,1.0,1.667,1.0
1548207309306,292850,37137,34948,58495,23491,37052,1530453,402526,1,6,1548207308248.0,1.058,1061.657,340.0,3.333,2.667,1.667,1.0,1.667,1.0
1548207310251,36354,93037,14988,99788,10820,15110,853078,342774,1,6,1548207309306.0,0.945,1062.602,340.0,3.333,2.667,1.667,1.0,1.667,1.0
1548207311233,70134,249225,52659,99876,93436,21719,2983876,2045060,1,6,1548207310251.0,0.982,1063.584,340.0,3.333,2.667,1.667,1.0,1.667,1.0
1548207312237,9032,11177,7254,11531,9656,3525,1763414,97330,1,6,1548207311233.0,1.004,1064.588,340.0,3.333,2.667,1.667,1.0,1.667,1.0
1548207313235,11603,12417,9502,5552,12657,5554,53090,23262,1,6,1548207312237.0,0.998,1065.586,345.0,3.667,2.667,1.667,1.0,1.667,1.0
1548207314238,3349,3487,10565,9780,3495,4117,78259,20640,1,6,1548207313235.0,1.003,1066.589,345.0,3.667,2.667,1.667,1.0,1.667,1.0
1548207315222,1687,991,2459,1463,1133,1696,10707,5521,1,6,1548207314238.0,0.984,1067.573,345.0,3.667,2.667,1.667,1.0,1.667,1.0
1548207316219,7818,8238,5312,8760,4440,10323,4362,9773,1,6,1548207315222.0,0.997,1068.57,345.0,3.667,2.667,1.667,1.0,1.667,1.0
1548207317208,6218,3105,9360,3526,3768,2760,27085,9549,1,6,1548207316219.0,0.989,1069.559,345.0,3.667,2.667,1.667,1.0,1.667,1.0
1548207318208,19660,2824,9267,5305,1185,1419,21568,24630,1,6,1548207317208.0,1.0,1070.559,345.0,3.667,2.667,1.667,1.0,1.667,1.0
1548207319188,10055,16284,4145,9438,2133,5462,16815,12682,1,6,1548207318208.0,0.98,1071.539,350.0,3.667,2.667,2.667,1.0,1.333,1.0
1548207320191,1857,3852,10374,8432,14222,4274,34052,5396,1,6,1548207319188.0,1.003,1072.542,350.0,3.667,2.667,2.667,1.0,1.333,1.0
1548207321193,20898,11260,9278,1836,2262,10584,487542,150107,1,6,1548207320191.0,1.002,1073.544,350.0,3.667,2.667,2.667,1.0,1.333,1.0
1548207322173,28102,3273,11201,13126,10550,18706,68857,34279,1,6,1548207321193.0,0.98,1074.524,350.0,3.667,2.667,2.667,1.0,1.333,1.0
1548207323193,28617,5217,11909,8371,18207,10026,22798,16889,1,6,1548207322173.0,1.02,1075.544,350.0,3.667,2.667,2.667,1.0,1.333,1.0
1548207324175,6369,3387,2650,2082,1720,1465,133983,14568,1,6,1548207323193.0,0.982,1076.526,350.0,3.667,2.667,2.667,1.0,1.333,1.0
1548207325184,26122,22040,13549,14933,7564,13226,1846569,56061,1,6,1548207324175.0,1.009,1077.535,355.0,3.333,2.667,2.667,1.0,1.333,1.0
1548207326159,7613,2517,26007,11481,14600,11254,9759,18593,1,6,1548207325184.0,0.975,1078.51,355.0,3.333,2.667,2.667,1.0,1.333,1.0
1548207327144,9046,10626,8003,7414,4200,5318,18842,6370,1,6,1548207326159.0,0.985,1079.495,355.0,3.333,2.667,2.667,1.0,1.333,1.0
1548207328162,11555,18249,10506,3452,6928,6837,5715,7308,1,6,1548207327144.0,1.018,1080.513,355.0,3.333,2.667,2.667,1.0,1.333,1.0
1548207329148,17393,3235,5348,6051,6193,17884,13768,3538,1,6,1548207328162.0,0.986,1081.499,355.0,3.333,2.667,2.667,1.0,1.333,1.0
1548207330148,2749,2903,3419,942,1259,3959,380930,21617,1,6,1548207329148.0,1.0,1082.499,355.0,3.333,2.667,2.667,1.0,1.333,1.0
1548207331168,27973,15700,13541,8649,6661,6124,587130,328453,1,6,1548207330148.0,1.02,1083.519,360.0,3.333,2.667,2.667,1.0,1.333,1.0
1548207332141,13469,20800,10612,13948,8483,8362,521848,192878,1,6,1548207331168.0,0.973,1084.492,360.0,3.333,2.667,2.667,1.0,1.333,1.0
1548207333126,16783,5636,20200,9668,7772,22182,372918,23340,1,6,1548207332141.0,0.985,1085.477,360.0,3.333,2.667,2.667,1.0,1.333,1.0
1548207334117,21104,1914,18737,7354,8632,8561,5325,11542,1,6,1548207333126.0,0.991,1086.468,360.0,3.333,2.667,2.667,1.0,1.333,1.0
1548207335128,9321,1343,10177,5522,3118,5918,5768,9681,1,6,1548207334117.0,1.011,1087.479,360.0,3.333,2.667,2.667,1.0,1.333,1.0
1548207336106,4107,3998,4274,7375,1493,2309,236513,51286,1,6,1548207335128.0,0.978,1088.457,360.0,3.333,2.667,2.667,1.0,1.333,1.0
1548207337123,6382,26992,5283,7029,5118,11495,2780,3487,1,6,1548207336106.0,1.017,1089.474,365.0,3.333,2.667,2.667,1.0,1.333,1.0
1548207338106,6094,2581,14191,4326,7807,7442,5430,12573,1,6,1548207337123.0,0.983,1090.457,365.0,3.333,2.667,2.667,1.0,1.333,1.0
1548207339087,8868,11862,2435,1543,1769,2779,93977,9382,1,6,1548207338106.0,0.981,1091.438,365.0,3.333,2.667,2.667,1.0,1.333,1.0
1548207340088,30550,59529,12782,41238,9843,5537,602897,134561,1,6,1548207339087.0,1.001,1092.439,365.0,3.333,2.667,2.667,1.0,1.333,1.0
1548207341072,7198,5492,3116,4770,360,1549,466030,48287,1,6,1548207340088.0,0.984,1093.423,365.0,3.333,2.667,2.667,1.0,1.333,1.0
1548207342088,4176,2902,3816,2627,3403,1955,127078,138156,1,6,1548207341072.0,1.016,1094.439,365.0,3.333,2.667,2.667,1.0,1.333,1.0
1548207343073,63900,30014,30955,65667,11378,12794,1836059,81480,1,6,1548207342088.0,0.985,1095.424,370.0,3.333,2.667,2.667,1.0,1.333,1.0
1548207344065,9753,4314,7911,10839,9609,8442,5124,9114,1,6,1548207343073.0,0.992,1096.416,370.0,3.333,2.667,2.667,1.0,1.333,1.0
1548207345057,8706,2322,15425,2803,9360,3710,9609,8634,1,6,1548207344065.0,0.992,1097.408,370.0,3.333,2.667,2.667,1.0,1.333,1.0
1548207346077,11715,24743,18437,12200,4779,6375,3102,4596,1,6,1548207345057.0,1.02,1098.428,370.0,3.333,2.667,2.667,1.0,1.333,1.0
1548207347059,5219,4225,10062,4943,6035,3650,3497,14348,1,6,1548207346077.0,0.982,1099.41,370.0,3.333,2.667,2.667,1.0,1.333,1.0
1548207348042,24573,39340,9580,10041,10448,7766,48911,65166,1,6,1548207347059.0,0.983,1100.393,370.0,3.333,2.667,2.667,1.0,1.333,1.0
1548207349060,26519,53077,8133,12625,4262,6519,136727,99067,1,6,1548207348042.0,1.018,1101.411,375.0,3.0,2.333,2.0,1.0,1.333,1.0
1548207350032,3289,4620,3121,6394,1168,1804,771999,29413,1,6,1548207349060.0,0.972,1102.383,375.0,3.0,2.333,2.0,1.0,1.333,1.0
1548207351030,2276,2934,4757,2597,7933,7728,5286,14601,1,6,1548207350032.0,0.998,1103.381,375.0,3.0,2.333,2.0,1.0,1.333,1.0
1548207352047,16594,13821,5214,13016,3401,7934,43752,19835,1,6,1548207351030.0,1.017,1104.398,375.0,3.0,2.333,2.0,1.0,1.333,1.0
1548207353032,10941,9117,9642,12046,6650,11704,101274,133290,1,6,1548207352047.0,0.985,1105.383,375.0,3.0,2.333,2.0,1.0,1.333,1.0
1548207354015,11758,8107,18065,12831,13378,9951,444444,239679,1,6,1548207353032.0,0.983,1106.366,375.0,3.0,2.333,2.0,1.0,1.333,1.0
1548207355012,6293,3921,11441,11571,3782,9057,9537,8017,1,6,1548207354015.0,0.997,1107.363,380.0,3.333,2.333,2.0,1.0,1.333,1.0
1548207356001,16742,2654,9549,3729,7980,8964,4979,12445,1,6,1548207355012.0,0.989,1108.352,380.0,3.333,2.333,2.0,1.0,1.333,1.0
1548207357002,15214,5052,12022,2576,6128,6651,2489,8990,1,6,1548207356001.0,1.001,1109.353,380.0,3.333,2.333,2.0,1.0,1.333,1.0
1548207358019,4364,1995,765,920,403,1304,86989,24331,1,6,1548207357002.0,1.017,1110.37,380.0,3.333,2.333,2.0,1.0,1.333,1.0
1548207358984,28404,11429,26076,12834,7495,6722,97872,15244,1,6,1548207358019.0,0.965,1111.335,380.0,3.333,2.333,2.0,1.0,1.333,1.0
1548207360003,7887,4327,907,1366,655,961,127621,9184,1,6,1548207358984.0,1.019,1112.354,380.0,3.333,2.333,2.0,1.0,1.333,1.0
1548207360980,3163,3642,19228,5040,6373,4802,13942,5233,1,6,1548207360003.0,0.977,1113.331,385.0,3.333,2.333,2.0,1.0,1.333,1.0
1548207361975,9741,24335,7326,14096,4164,9879,16530,15017,1,6,1548207360980.0,0.995,1114.326,385.0,3.333,2.333,2.0,1.0,1.333,1.0
1548207362989,3816,9627,11629,15159,13446,18141,134723,48344,1,6,1548207361975.0,1.014,1115.34,385.0,3.333,2.333,2.0,1.0,1.333,1.0
1548207363972,5045,11325,24042,2278,10134,6498,42279,17199,1,6,1548207362989.0,0.983,1116.323,385.0,3.333,2.333,2.0,1.0,1.333,1.0
1548207364974,7277,16777,10229,7748,7107,6698,105075,61315,1,6,1548207363972.0,1.002,1117.325,385.0,3.333,2.333,2.0,1.0,1.333,1.0
1548207365957,6195,1539,18032,3926,3253,5834,7727,7381,1,6,1548207364974.0,0.983,1118.308,385.0,3.333,2.333,2.0,1.0,1.333,1.0
1548207366942,19367,26880,19840,8499,9104,10294,218876,179018,1,6,1548207365957.0,0.985,1119.293,390.0,3.333,2.333,2.0,1.0,1.333,1.0
1548207367953,14133,14951,12882,4888,12153,9635,84952,16645,1,6,1548207366942.0,1.011,1120.304,390.0,3.333,2.333,2.0,1.0,1.333,1.0
1548207368946,2223,7338,7670,11249,2707,7194,67153,33746,1,6,1548207367953.0,0.993,1121.297,390.0,3.333,2.333,2.0,1.0,1.333,1.0
1548207369944,11697,6586,8554,4344,7215,10327,2820,3405,1,6,1548207368946.0,0.998,1122.295,390.0,3.333,2.333,2.0,1.0,1.333,1.0
1548207370932,19444,31509,11145,8331,3175,6022,148198,34313,1,6,1548207369944.0,0.988,1123.283,390.0,3.333,2.333,2.0,1.0,1.333,1.0
1548207371946,4060,16633,9255,7167,6305,5247,110442,37738,1,6,1548207370932.0,1.014,1124.297,390.0,3.333,2.333,2.0,1.0,1.333,1.0
1548207372930,5634,4247,10115,8122,8344,5543,16693,18449,1,6,1548207371946.0,0.984,1125.281,395.0,3.0,2.333,2.0,1.0,1.333,1.0
1548207373912,9269,7820,13079,3218,3246,2830,197532,15763,1,6,1548207372930.0,0.982,1126.263,395.0,3.0,2.333,2.0,1.0,1.333,1.0
1548207374923,10249,6403,2929,13264,2287,2277,396254,42638,1,6,1548207373912.0,1.011,1127.274,395.0,3.0,2.333,2.0,1.0,1.333,1.0
1548207375918,6683,878,2080,2807,1207,2650,153988,18401,1,6,1548207374923.0,0.995,1128.269,395.0,3.0,2.333,2.0,1.0,1.333,1.0
1548207376905,2658,8619,4990,6713,1579,1465,156339,62384,1,6,1548207375918.0,0.987,1129.256,395.0,3.0,2.333,2.0,1.0,1.333,1.0
1548207377952,3730,1870,1062,855,307,810,77224,6163,1,6,1548207376905.0,1.047,1130.303,395.0,3.0,2.333,2.0,1.0,1.333,1.0
1548207378885,5677,1327,9308,1259,2127,1746,60397,11361,1,6,1548207377952.0,0.933,1131.236,395.0,3.0,2.333,2.0,1.0,1.333,1.0
1548207379895,9543,4289,5383,7533,3445,2599,272545,7184,1,6,1548207378885.0,1.01,1132.246,400.0,3.0,2.333,2.0,1.0,1.333,1.0
1548207380869,5745,5311,931,1905,457,895,88741,10487,1,6,1548207379895.0,0.974,1133.22,400.0,3.0,2.333,2.0,1.0,1.333,1.0
1548207381882,5706,6479,5842,4605,5284,2825,5112,26884,1,6,1548207380869.0,1.013,1134.233,400.0,3.0,2.333,2.0,1.0,1.333,1.0
1548207382869,32873,15682,25286,34422,18653,30788,1150875,36500,1,6,1548207381882.0,0.987,1135.22,400.0,3.0,2.333,2.0,1.0,1.333,1.0
1548207383872,44754,23301,40566,41885,8898,12964,821820,103173,1,6,1548207382869.0,1.003,1136.223,400.0,3.0,2.333,2.0,1.0,1.333,1.0
1548207384855,716,10803,2767,5583,1677,2042,11093,39081,1,6,1548207383872.0,0.983,1137.206,400.0,3.0,2.333,2.0,1.0,1.333,1.0
1548207385872,4100,1407,2656,843,2204,2068,17011,3276,1,6,1548207384855.0,1.017,1138.223,405.0,3.333,2.333,2.0,1.0,1.333,1.0
1548207386856,10853,1197,29056,6047,10109,8507,10090,7657,1,6,1548207385872.0,0.984,1139.207,405.0,3.333,2.333,2.0,1.0,1.333,1.0
1548207387840,1064,436,10078,2963,14647,3670,10316,16137,1,6,1548207386856.0,0.984,1140.191,405.0,3.333,2.333,2.0,1.0,1.333,1.0
1548207388850,7933,8441,13183,5422,5687,5799,20027,22790,1,6,1548207387840.0,1.01,1141.201,405.0,3.333,2.333,2.0,1.0,1.333,1.0
1548207389846,22663,28571,22091,10544,3155,10939,34232,161144,1,6,1548207388850.0,0.996,1142.197,405.0,3.333,2.333,2.0,1.0,1.333,1.0
1548207390827,10527,45891,5433,22066,4328,2842,1335436,64559,1,6,1548207389846.0,0.981,1143.178,405.0,3.333,2.333,2.0,1.0,1.333,1.0
1548207391842,19767,10534,10145,6590,9876,19408,109283,43069,1,6,1548207390827.0,1.015,1144.193,410.0,3.333,2.667,2.0,1.0,1.333,1.0
1548207392809,7972,25430,12194,24294,7957,5772,138881,136388,1,6,1548207391842.0,0.967,1145.16,410.0,3.333,2.667,2.0,1.0,1.333,1.0
1548207393830,19476,15018,17991,34475,11457,8296,28854,38510,1,6,1548207392809.0,1.021,1146.181,410.0,3.333,2.667,2.0,1.0,1.333,1.0
1548207394827,110246,34798,7224,12572,8392,7161,1003509,237917,1,6,1548207393830.0,0.997,1147.178,410.0,3.333,2.667,2.0,1.0,1.333,1.0
1548207395800,14452,12761,2505,3388,6460,10429,945134,238104,1,6,1548207394827.0,0.973,1148.151,410.0,3.333,2.667,2.0,1.0,1.333,1.0
1548207396801,19888,14598,15042,20785,19911,16501,642530,87980,1,6,1548207395800.0,1.001,1149.152,410.0,3.333,2.667,2.0,1.0,1.333,1.0
1548207397809,7568,6781,2735,3694,2687,3641,175398,30864,1,6,1548207396801.0,1.008,1150.16,415.0,3.333,2.667,2.333,1.0,1.333,1.0
1548207398781,9491,24816,16140,8887,5865,7075,3966,10459,1,6,1548207397809.0,0.972,1151.132,415.0,3.333,2.667,2.333,1.0,1.333,1.0
1548207399809,12128,5557,5775,13521,3099,2830,111628,13987,1,6,1548207398781.0,1.028,1152.16,415.0,3.333,2.667,2.333,1.0,1.333,1.0
1548207400782,2970,7022,1848,3374,537,1265,395149,18310,1,6,1548207399809.0,0.973,1153.133,415.0,3.333,2.667,2.333,1.0,1.333,1.0
1548207401766,22121,53984,35438,20223,29249,40164,368882,559225,1,6,1548207400782.0,0.984,1154.117,415.0,3.333,2.667,2.333,1.0,1.333,1.0
1548207402767,9812,6797,41317,15992,10889,9550,220657,66115,1,6,1548207401766.0,1.001,1155.118,415.0,3.333,2.667,2.333,1.0,1.333,1.0
1548207403784,6702,6826,22218,13430,14601,15718,10925,19960,1,6,1548207402767.0,1.017,1156.135,420.0,3.0,2.667,2.333,1.0,1.333,1.0
1548207404775,21003,2007,13917,8417,7428,6399,21160,19384,1,6,1548207403784.0,0.991,1157.126,420.0,3.0,2.667,2.333,1.0,1.333,1.0
1548207405756,14933,15377,11463,5359,6800,11572,21259,20004,1,6,1548207404775.0,0.981,1158.107,420.0,3.0,2.667,2.333,1.0,1.333,1.0
1548207406739,2016,13805,2910,5320,2776,3829,73114,7705,1,6,1548207405756.0,0.983,1159.09,420.0,3.0,2.667,2.333,1.0,1.333,1.0
1548207407742,16946,19534,12799,17093,10358,17012,84082,48165,1,6,1548207406739.0,1.003,1160.093,420.0,3.0,2.667,2.333,1.0,1.333,1.0
1548207408756,7066,17852,8012,18230,7813,12198,72049,16897,1,6,1548207407742.0,1.014,1161.107,420.0,3.0,2.667,2.333,1.0,1.333,1.0
1548207409723,5055,2586,4026,5354,2450,2244,111177,3395,1,6,1548207408756.0,0.967,1162.074,425.0,3.333,3.0,1.667,1.0,1.333,1.0
1548207410725,3219,60144,8119,11930,5772,8497,53737,155347,1,6,1548207409723.0,1.002,1163.076,425.0,3.333,3.0,1.667,1.0,1.333,1.0
1548207411727,4600,10734,5730,8956,1590,1355,164419,149588,1,6,1548207410725.0,1.002,1164.078,425.0,3.333,3.0,1.667,1.0,1.333,1.0
1548207412740,10773,19585,9207,9779,2368,8456,796976,66449,1,6,1548207411727.0,1.013,1165.091,425.0,3.333,3.0,1.667,1.0,1.333,1.0
1548207413711,42689,5904,23800,19825,13436,25322,217873,57121,1,6,1548207412740.0,0.971,1166.062,425.0,3.333,3.0,1.667,1.0,1.333,1.0
1548207414712,15928,17157,20295,23393,11547,9792,24261,11357,1,6,1548207413711.0,1.001,1167.063,425.0,3.333,3.0,1.667,1.0,1.333,1.0
1548207415701,1024,1423,5015,2848,1060,4227,85261,10301,1,6,1548207414712.0,0.989,1168.052,430.0,3.0,2.667,1.667,1.0,1.333,1.0
1548207416698,15781,115014,21467,33309,4616,37220,768224,113844,1,6,1548207415701.0,0.997,1169.049,430.0,3.0,2.667,1.667,1.0,1.333,1.0
1548207417704,7676,8617,5970,1656,2363,1908,922255,23841,1,6,1548207416698.0,1.006,1170.055,430.0,3.0,2.667,1.667,1.0,1.333,1.0
1548207418677,4446,14366,18653,21789,3307,11720,67972,26723,1,6,1548207417704.0,0.973,1171.028,430.0,3.0,2.667,1.667,1.0,1.333,1.0
1548207419685,3145,8383,14926,20096,3965,5252,37092,28033,1,6,1548207418677.0,1.008,1172.036,430.0,3.0,2.667,1.667,1.0,1.333,1.0
1548207420667,10190,4823,3950,7022,7925,10506,4656,2888,1,6,1548207419685.0,0.982,1173.018,430.0,3.0,2.667,1.667,1.0,1.333,1.0
1548207421691,7160,12881,9260,10400,5440,7552,8659,8976,1,6,1548207420667.0,1.024,1174.042,435.0,3.0,2.667,1.667,1.0,1.333,1.0
1548207422669,4129,3118,2460,3721,1135,2826,243490,29582,1,6,1548207421691.0,0.978,1175.02,435.0,3.0,2.667,1.667,1.0,1.333,1.0
1548207423651,1845,3200,1758,583,905,1248,28472,3036,1,6,1548207422669.0,0.982,1176.002,435.0,3.0,2.667,1.667,1.0,1.333,1.0
1548207424710,1360,4644,923,2156,475,398,244027,8173,1,6,1548207423651.0,1.059,1177.061,435.0,3.0,2.667,1.667,1.0,1.333,1.0
1548207425652,1579,4466,3199,4923,1803,3509,83301,39219,1,6,1548207424710.0,0.942,1178.003,435.0,3.0,2.667,1.667,1.0,1.333,1.0
1548207426636,8268,35487,26401,20367,14830,35673,1281671,118924,1,6,1548207425652.0,0.984,1178.987,435.0,3.0,2.667,1.667,1.0,1.333,1.0
1548207427645,24008,19378,11471,23944,11777,10225,67159,84685,1,6,1548207426636.0,1.009,1179.996,440.0,3.333,2.667,1.667,1.0,1.333,1.0
1548207428646,14902,23899,7057,3723,3462,10824,370465,113561,1,6,1548207427645.0,1.001,1180.997,440.0,3.333,2.667,1.667,1.0,1.333,1.0
1548207429621,20445,18802,12546,14971,14856,18424,138021,13879,1,6,1548207428646.0,0.975,1181.972,440.0,3.333,2.667,1.667,1.0,1.333,1.0
1548207430640,42097,4489,26304,39151,5490,7877,38010,26478,1,6,1548207429621.0,1.019,1182.991,440.0,3.333,2.667,1.667,1.0,1.333,1.0
1548207431640,17491,26890,9750,14539,8067,13606,757806,114471,1,6,1548207430640.0,1.0,1183.991,440.0,3.333,2.667,1.667,1.0,1.333,1.0
1548207432609,51740,35451,17314,19261,11143,11799,52747,54546,1,6,1548207431640.0,0.969,1184.96,440.0,3.333,2.667,1.667,1.0,1.333,1.0
1548207433616,11484,21704,8982,9775,10049,9119,29652,22770,1,6,1548207432609.0,1.007,1185.967,445.0,3.0,2.667,1.667,1.333,1.333,1.0
1548207434617,17178,4013,17243,15517,22634,16441,21504,24845,1,6,1548207433616.0,1.001,1186.968,445.0,3.0,2.667,1.667,1.333,1.333,1.0
1548207435611,20679,19847,10788,30945,9456,16677,51688,34564,1,6,1548207434617.0,0.994,1187.962,445.0,3.0,2.667,1.667,1.333,1.333,1.0
1548207436610,11095,43190,23349,22453,13454,3938,72481,109409,1,6,1548207435611.0,0.999,1188.961,445.0,3.0,2.667,1.667,1.333,1.333,1.0
1548207437611,18241,6506,11294,14095,9219,10317,137784,27926,1,6,1548207436610.0,1.001,1189.962,445.0,3.0,2.667,1.667,1.333,1.333,1.0
1548207438581,3537,22177,15436,9227,12872,6782,160098,12357,1,6,1548207437611.0,0.97,1190.932,445.0,3.0,2.667,1.667,1.333,1.333,1.0
1548207439595,34662,11539,42467,60759,12897,48310,243259,242334,1,6,1548207438581.0,1.014,1191.946,450.0,3.0,2.333,1.333,1.333,1.333,1.0
1548207440563,654,6051,4506,2525,2820,2745,217932,21797,1,6,1548207439595.0,0.968,1192.914,450.0,3.0,2.333,1.333,1.333,1.333,1.0
1548207441566,26478,31181,16691,29186,15270,12104,160023,52682,1,6,1548207440563.0,1.003,1193.917,450.0,3.0,2.333,1.333,1.333,1.333,1.0
1548207442566,27739,14887,52675,56048,15851,14547,2009843,372560,1,6,1548207441566.0,1.0,1194.917,450.0,3.0,2.333,1.333,1.333,1.333,1.0
1548207443555,19912,42755,23485,12016,5919,14327,678788,74368,1,6,1548207442566.0,0.989,1195.906,450.0,3.0,2.333,1.333,1.333,1.333,1.0
1548207444551,12438,19806,15627,5677,7975,2662,1896856,88167,1,6,1548207443555.0,0.996,1196.902,450.0,3.0,2.333,1.333,1.333,1.333,1.0
1548207445550,65339,98707,24470,33898,10387,24918,111935,222763,1,6,1548207444551.0,0.999,1197.901,455.0,3.333,2.333,1.333,1.333,1.333,1.0
1548207446595,3025,5810,1912,2419,826,591,510392,24818,1,6,1548207445550.0,1.045,1198.946,455.0,3.333,2.333,1.333,1.333,1.333,1.0
1548207447535,48446,69233,25873,47658,6444,72115,494024,245398,1,6,1548207446595.0,0.94,1199.886,455.0,3.333,2.333,1.333,1.333,1.333,1.0
1548207448552,6538,2560,4867,2921,3617,3973,108541,22197,1,6,1548207447535.0,1.017,1200.903,455.0,3.333,2.333,1.333,1.333,1.333,1.0
1548207449522,1878,8673,656,3089,751,1298,126057,5910,1,6,1548207448552.0,0.97,1201.873,455.0,3.333,2.333,1.333,1.333,1.333,1.0
1548207450523,6081,8670,12018,4344,7296,6972,122521,27700,1,6,1548207449522.0,1.001,1202.874,455.0,3.333,2.333,1.333,1.333,1.333,1.0
1548207451522,49614,109557,25733,35426,20278,8040,354924,112359,1,6,1548207450523.0,0.999,1203.873,460.0,3.333,2.333,1.333,1.333,1.667,1.0
1548207452529,14457,12095,24398,5710,3205,14658,553326,134574,1,6,1548207451522.0,1.007,1204.88,460.0,3.333,2.333,1.333,1.333,1.667,1.0
1548207453528,7047,2535,5225,3534,6396,3942,292563,23681,1,6,1548207452529.0,0.999,1205.879,460.0,3.333,2.333,1.333,1.333,1.667,1.0
1548207454519,8354,1623,6360,6789,9089,2729,598896,29264,1,6,1548207453528.0,0.991,1206.87,460.0,3.333,2.333,1.333,1.333,1.667,1.0
1548207455514,34214,136796,18024,43578,17358,15357,215482,467415,1,6,1548207454519.0,0.995,1207.865,460.0,3.333,2.333,1.333,1.333,1.667,1.0
1548207456494,23864,81761,42887,17613,7929,29415,883436,228811,1,6,1548207455514.0,0.98,1208.845,460.0,3.333,2.333,1.333,1.333,1.667,1.0
1548207457509,7856,332,4583,2699,5468,2668,32742,7144,1,6,1548207456494.0,1.015,1209.86,465.0,3.0,3.0,1.333,1.333,1.667,1.0
1548207458479,21311,6895,17189,28745,7751,4593,9206,17908,1,6,1548207457509.0,0.97,1210.83,465.0,3.0,3.0,1.333,1.333,1.667,1.0
1548207459480,11336,16140,7187,44250,6193,17583,303603,55822,1,6,1548207458479.0,1.001,1211.831,465.0,3.0,3.0,1.333,1.333,1.667,1.0
1548207460465,46158,25454,30122,33715,8124,15733,275748,12219,1,6,1548207459480.0,0.985,1212.816,465.0,3.0,3.0,1.333,1.333,1.667,1.0
1548207461473,59842,26258,15093,46948,8347,14708,170826,49512,1,6,1548207460465.0,1.008,1213.824,465.0,3.0,3.0,1.333,1.333,1.667,1.0
1548207462464,10662,19226,12136,20744,6490,5277,132262,149849,1,6,1548207461473.0,0.991,1214.815,465.0,3.0,3.0,1.333,1.333,1.667,1.0
1548207463465,21404,10029,22306,54334,38390,17273,599412,141719,1,6,1548207462464.0,1.001,1215.816,470.0,3.333,3.0,1.333,1.333,1.667,1.0
1548207464447,18420,28604,14969,8928,20805,7597,165929,58379,1,6,1548207463465.0,0.982,1216.798,470.0,3.333,3.0,1.333,1.333,1.667,1.0
1548207465470,15606,6840,16137,15503,8588,9555,628234,43830,1,6,1548207464447.0,1.023,1217.821,470.0,3.333,3.0,1.333,1.333,1.667,1.0
1548207466440,4549,4198,6244,6850,1856,5714,104798,39932,1,6,1548207465470.0,0.97,1218.791,470.0,3.333,3.0,1.333,1.333,1.667,1.0
1548207467434,21535,15190,12313,74069,13528,16028,11232,7924,1,6,1548207466440.0,0.994,1219.785,470.0,3.333,3.0,1.333,1.333,1.667,1.0
1548207468440,7824,4976,5327,12162,1126,5423,144716,5232,1,6,1548207467434.0,1.006,1220.791,470.0,3.333,3.0,1.333,1.333,1.667,1.0
1548207469435,35618,66419,36041,155471,10083,15975,851487,227750,1,6,1548207468440.0,0.995,1221.786,475.0,3.0,3.0,1.333,1.333,2.0,1.0
1548207470440,6325,1924,2757,3464,3240,3152,443987,4606,1,6,1548207469435.0,1.005,1222.791,475.0,3.0,3.0,1.333,1.333,2.0,1.0
1548207471426,75699,26813,58979,39412,9023,30205,892394,106849,1,6,1548207470440.0,0.986,1223.777,475.0,3.0,3.0,1.333,1.333,2.0,1.0
1548207472421,51284,33573,40970,20828,14849,102349,1637933,44591,1,6,1548207471426.0,0.995,1224.772,475.0,3.0,3.0,1.333,1.333,2.0,1.0
1548207473404,4584,26396,6034,7230,1156,2096,328634,171335,1,6,1548207472421.0,0.983,1225.755,475.0,3.0,3.0,1.333,1.333,2.0,1.0
1548207474411,13592,31183,9124,9198,6827,5241,370647,66531,1,6,1548207473404.0,1.007,1226.762,475.0,3.0,3.0,1.333,1.333,2.0,1.0
1548207475407,13478,7680,6975,20240,15473,24852,33628,36479,1,6,1548207474411.0,0.996,1227.758,480.0,3.0,3.0,1.333,1.333,2.0,1.0
1548207476404,11750,6703,12958,8529,4556,7353,66815,32058,1,6,1548207475407.0,0.997,1228.755,480.0,3.0,3.0,1.333,1.333,2.0,1.0
1548207477391,60993,31617,11371,23212,11045,25552,82022,66593,1,6,1548207476404.0,0.987,1229.742,480.0,3.0,3.0,1.333,1.333,2.0,1.0
1548207478379,52041,32140,31795,37848,13238,19869,559487,305855,1,6,1548207477391.0,0.988,1230.73,480.0,3.0,3.0,1.333,1.333,2.0,1.0
1548207479386,32709,45024,6940,15762,4832,7162,1267468,21332,1,6,1548207478379.0,1.007,1231.737,480.0,3.0,3.0,1.333,1.333,2.0,1.0
1548207480360,7999,3871,8912,9003,1473,4361,195140,23493,1,6,1548207479386.0,0.974,1232.711,480.0,3.0,3.0,1.333,1.333,2.0,1.0
1548207481361,3689,11952,16268,10570,4240,11537,55655,10391,1,6,1548207480360.0,1.001,1233.712,485.0,3.0,3.0,1.333,1.333,2.0,1.0
1548207482363,22456,1591,6221,6003,3136,5842,154142,86401,1,6,1548207481361.0,1.002,1234.714,485.0,3.0,3.0,1.333,1.333,2.0,1.0
1548207483345,7707,5068,14626,6660,3277,10271,144242,181206,1,6,1548207482363.0,0.982,1235.696,485.0,3.0,3.0,1.333,1.333,2.0,1.0
1548207484364,2072,2955,1817,4053,1138,3588,118071,15647,1,6,1548207483345.0,1.019,1236.715,485.0,3.0,3.0,1.333,1.333,2.0,1.0
1548207485361,25931,28457,21846,80929,11158,17422,1106001,118366,1,6,1548207484364.0,0.997,1237.712,485.0,3.0,3.0,1.333,1.333,2.0,1.0
1548207486347,24638,21773,40872,17547,11718,15150,1906998,82113,1,6,1548207485361.0,0.986,1238.698,485.0,3.0,3.0,1.333,1.333,2.0,1.0
1548207487351,7184,9746,2859,7369,1433,752,425615,18557,1,6,1548207486347.0,1.004,1239.702,490.0,3.0,3.0,1.333,1.333,2.0,1.0
1548207488350,23841,83608,50239,57765,8273,43685,1971689,570948,1,6,1548207487351.0,0.999,1240.701,490.0,3.0,3.0,1.333,1.333,2.0,1.0
1548207489333,3047,12136,3716,34575,9227,13575,918735,134570,1,6,1548207488350.0,0.983,1241.684,490.0,3.0,3.0,1.333,1.333,2.0,1.0
1548207490325,87877,50325,16622,67760,25457,30048,532852,76505,1,6,1548207489333.0,0.992,1242.676,490.0,3.0,3.0,1.333,1.333,2.0,1.0
1548207491325,21851,30864,10855,11248,27893,23371,440462,93058,1,6,1548207490325.0,1.0,1243.676,490.0,3.0,3.0,1.333,1.333,2.0,1.0
1548207492304,7735,10715,14294,34016,13448,20557,15071,21318,1,6,1548207491325.0,0.979,1244.655,490.0,3.0,3.0,1.333,1.333,2.0,1.0
1548207493320,36992,40107,32612,15109,13118,30024,541514,109946,1,6,1548207492304.0,1.016,1245.671,495.0,3.0,3.0,1.333,1.0,2.333,1.0
1548207494329,9106,88351,28345,22849,7627,17407,291498,120336,1,6,1548207493320.0,1.009,1246.68,495.0,3.0,3.0,1.333,1.0,2.333,1.0
1548207495288,8960,13470,9810,9404,3707,3961,174284,137379,1,6,1548207494329.0,0.959,1247.639,495.0,3.0,3.0,1.333,1.0,2.333,1.0
1548207496291,3993,53816,26555,41768,9744,35434,1282223,154258,1,6,1548207495288.0,1.003,1248.642,495.0,3.0,3.0,1.333,1.0,2.333,1.0
1548207497306,16787,56471,14161,8800,4820,7757,2198973,180437,1,6,1548207496291.0,1.015,1249.657,495.0,3.0,3.0,1.333,1.0,2.333,1.0
1548207498273,71728,62956,17289,24920,34453,27755,1436485,300072,1,6,1548207497306.0,0.967,1250.624,495.0,3.0,3.0,1.333,1.0,2.333,1.0
1548207499292,36928,24136,16911,18477,8785,21546,585029,82538,1,6,1548207498273.0,1.019,1251.643,500.0,3.0,3.333,1.333,1.333,2.333,1.0
1548207500279,12615,22596,12306,18216,18232,8147,107975,102642,1,6,1548207499292.0,0.987,1252.63,500.0,3.0,3.333,1.333,1.333,2.333,1.0
1548207501259,5112,20646,8002,22195,6193,3618,191354,79235,1,6,1548207500279.0,0.98,1253.61,500.0,3.0,3.333,1.333,1.333,2.333,1.0
1548207502260,47920,183745,69689,25066,26836,13034,903987,184794,1,6,1548207501259.0,1.001,1254.611,500.0,3.0,3.333,1.333,1.333,2.333,1.0
1548207503243,2719,8413,6160,14128,3750,3780,603685,58436,1,6,1548207502260.0,0.983,1255.594,500.0,3.0,3.333,1.333,1.333,2.333,1.0
1548207504244,113761,150388,42945,72109,18186,15980,2047967,273167,1,6,1548207503243.0,1.001,1256.595,500.0,3.0,3.333,1.333,1.333,2.333,1.0
1548207505247,13112,13445,35082,38313,14051,52444,6441,22316,1,6,1548207504244.0,1.003,1257.598,505.0,3.0,3.333,1.333,1.333,2.333,1.0
1548207506255,42888,17920,29610,49768,14518,16296,386527,230392,1,6,1548207505247.0,1.008,1258.606,505.0,3.0,3.333,1.333,1.333,2.333,1.0
1548207507232,15448,16434,3859,11186,2599,2380,339640,122844,1,6,1548207506255.0,0.977,1259.583,505.0,3.0,3.333,1.333,1.333,2.333,1.0
1548207508230,50734,97132,26870,42448,21765,34898,1292172,64382,1,6,1548207507232.0,0.998,1260.581,505.0,3.0,3.333,1.333,1.333,2.333,1.0
1548207509237,12952,47615,18569,21524,22650,11986,572340,137748,1,6,1548207508230.0,1.007,1261.588,505.0,3.0,3.333,1.333,1.333,2.333,1.0
1548207510217,12689,6295,5645,11155,5021,3692,176893,34660,1,6,1548207509237.0,0.98,1262.568,505.0,3.0,3.333,1.333,1.333,2.333,1.0
1548207511223,29692,44258,42092,53663,14341,14940,893588,120423,1,6,1548207510217.0,1.006,1263.574,510.0,3.333,3.667,2.0,1.0,2.0,1.0
1548207512222,50925,44156,39420,43678,19392,35207,290535,309722,1,6,1548207511223.0,0.999,1264.573,510.0,3.333,3.667,2.0,1.0,2.0,1.0
1548207513202,62309,46583,34478,91647,4238,16856,71314,47714,1,6,1548207512222.0,0.98,1265.553,510.0,3.333,3.667,2.0,1.0,2.0,1.0
1548207514202,14063,3167,10501,24845,21972,12010,287031,265660,1,6,1548207513202.0,1.0,1266.553,510.0,3.333,3.667,2.0,1.0,2.0,1.0
1548207515233,2194,1984,5237,5533,4184,5405,222402,154171,1,6,1548207514202.0,1.031,1267.584,510.0,3.333,3.667,2.0,1.0,2.0,1.0
1548207516187,12805,6713,8072,29916,12338,24385,26071,11413,1,6,1548207515233.0,0.954,1268.538,510.0,3.333,3.667,2.0,1.0,2.0,1.0
1548207517212,13963,8207,16313,19521,10091,9176,5112,10881,1,6,1548207516187.0,1.025,1269.563,515.0,3.333,3.333,2.0,1.0,2.0,1.0
1548207518197,13899,2765,10376,7308,6206,11038,10711,7563,1,6,1548207517212.0,0.985,1270.548,515.0,3.333,3.333,2.0,1.0,2.0,1.0
1548207519173,9584,5139,4855,5983,2050,1786,50185,67311,1,6,1548207518197.0,0.976,1271.524,515.0,3.333,3.333,2.0,1.0,2.0,1.0
1548207520157,15417,10018,5858,5390,8291,11630,8670,6470,1,6,1548207519173.0,0.984,1272.508,515.0,3.333,3.333,2.0,1.0,2.0,1.0
1548207521179,3398,16188,16104,13678,2110,11216,4114,21280,1,6,1548207520157.0,1.022,1273.53,515.0,3.333,3.333,2.0,1.0,2.0,1.0
1548207522169,56928,8457,14438,20657,5048,10857,157242,250797,1,6,1548207521179.0,0.99,1274.52,515.0,3.333,3.333,2.0,1.0,2.0,1.0
1548207523142,10148,1352,8414,15399,8512,15407,1225,11188,1,6,1548207522169.0,0.973,1275.493,520.0,3.333,3.333,2.0,1.0,2.0,1.0
1548207524146,3325,15355,3103,3913,867,1988,103702,32255,1,6,1548207523142.0,1.004,1276.497,520.0,3.333,3.333,2.0,1.0,2.0,1.0
1548207525160,5518,3804,12711,10924,3526,2985,16860,6420,1,6,1548207524146.0,1.014,1277.511,520.0,3.333,3.333,2.0,1.0,2.0,1.0
1548207526145,19551,17191,13742,35223,25213,48607,112666,352356,1,6,1548207525160.0,0.985,1278.496,520.0,3.333,3.333,2.0,1.0,2.0,1.0
1548207527128,16255,47222,8941,27953,2872,12218,1025600,89850,1,6,1548207526145.0,0.983,1279.479,520.0,3.333,3.333,2.0,1.0,2.0,1.0
1548207528133,117731,147750,45946,89260,10811,29036,653082,575953,1,6,1548207527128.0,1.005,1280.484,520.0,3.333,3.333,2.0,1.0,2.0,1.0
1548207529131,46117,27730,75572,102176,8287,17485,714156,102715,1,6,1548207528133.0,0.998,1281.482,525.0,3.333,3.333,2.0,1.0,2.0,1.0
1548207530116,8488,2461,16361,21423,1283,3581,712718,42763,1,6,1548207529131.0,0.985,1282.467,525.0,3.333,3.333,2.0,1.0,2.0,1.0
1548207531118,132277,29809,15420,38525,19926,23031,536145,123915,1,6,1548207530116.0,1.002,1283.469,525.0,3.333,3.333,2.0,1.0,2.0,1.0
1548207532125,2164,6514,2169,997,1481,1883,50005,44439,1,6,1548207531118.0,1.007,1284.476,525.0,3.333,3.333,2.0,1.0,2.0,1.0
